transaction_id,customer_id,category,quantity,unit_price,transaction_date
1,1,Sports,1,2377.87,2026-06-20
2,1,Apparel,4,1295.74,2026-06-20
3,1,Sports,1,589.21,2026-06-20
4,1,Beauty,1,3255.75,2026-06-24
5,1,Beauty,2,3903.95,2026-06-25
6,1,Sports,3,3912.26,2026-06-26
7,1,Beauty,2,2158.01,2026-06-27
8,1,Electronics,1,471.59,2026-06-27
9,1,Electronics,3,2920.77,2026-06-28
10,1,Apparel,1,215.41,2026-06-28
11,1,Beauty,4,1101.85,2026-06-29
12,1,Sports,3,3354.79,2026-06-29
13,1,Electronics,3,2985.28,2026-06-29
14,1,Sports,4,1931.94,2026-06-30
15,1,Electronics,4,1525.64,2026-06-30
16,1,Sports,1,3160.74,2026-07-02
17,1,Beauty,1,3601.74,2026-07-03
18,1,Apparel,1,3037.17,2026-07-03
19,1,Apparel,4,1425.32,2026-07-05
20,1,Home & Kitchen,1,2483.25,2026-07-05
21,1,Home & Kitchen,3,576.27,2026-07-06
22,1,Home & Kitchen,2,3871.43,2026-07-06
23,1,Sports,1,3785.48,2026-07-09
24,1,Grocery,3,633.96,2026-07-09
25,1,Home & Kitchen,4,1816.92,2026-07-12
26,1,Beauty,3,3334.81,2026-07-13
27,1,Beauty,3,341.21,2026-07-15
28,1,Home & Kitchen,4,2822.05,2026-07-16
29,1,Beauty,2,1190.03,2026-07-18
30,1,Sports,2,3511.5,2026-07-19
31,2,Electronics,2,1729.22,2025-10-19
32,3,Apparel,4,1245.74,2025-12-03
33,3,Home & Kitchen,3,3050.53,2025-12-26
34,3,Apparel,3,2446.61,2026-01-22
35,3,Apparel,4,2294.58,2026-02-13
36,3,Apparel,2,1179.5,2026-02-24
37,3,Sports,1,2795.82,2026-03-14
38,3,Home & Kitchen,3,3853.73,2026-03-20
39,3,Grocery,1,1094.55,2026-03-21
40,3,Apparel,2,3289.99,2026-04-04
41,3,Beauty,1,3677.23,2026-04-16
42,3,Home & Kitchen,2,2181.25,2026-05-21
43,3,Grocery,1,3679.75,2026-07-13
44,4,Home & Kitchen,1,1644.68,2026-05-13
45,5,Beauty,1,3706.57,2025-09-29
46,5,Beauty,4,3113.03,2025-10-08
47,5,Grocery,2,3044.45,2025-10-27
48,5,Apparel,3,1949.25,2025-10-28
49,5,Electronics,3,285.44,2025-11-24
50,5,Beauty,3,2030.58,2025-12-01
51,5,Electronics,4,1189.63,2025-12-02
52,6,Beauty,1,1317.13,2026-02-10
53,7,Sports,3,3020.57,2026-04-08
54,7,Electronics,3,1636.65,2026-04-24
55,7,Home & Kitchen,3,3605.45,2026-05-17
56,7,Beauty,1,3677.01,2026-05-21
57,7,Apparel,1,789.83,2026-05-27
58,7,Grocery,4,1326.37,2026-06-17
59,7,Beauty,3,2063.72,2026-06-29
60,8,Electronics,1,773.51,2025-02-24
61,8,Beauty,2,396.15,2025-03-02
62,8,Beauty,2,2830.13,2025-03-14
63,8,Beauty,3,3904.75,2025-03-14
64,8,Apparel,4,2589.94,2025-04-01
65,8,Electronics,4,1861.12,2025-05-20
66,8,Apparel,4,1245.25,2025-05-26
67,8,Grocery,3,3922.49,2025-06-28
68,8,Sports,3,2101.15,2025-07-21
69,8,Apparel,4,1352.58,2025-07-23
70,8,Grocery,4,221.4,2025-07-25
71,8,Sports,1,832.4,2025-08-26
72,8,Grocery,2,3790.3,2025-09-06
73,8,Home & Kitchen,1,1300.17,2025-10-06
74,8,Beauty,3,2856.89,2025-10-10
75,8,Electronics,4,1625.65,2025-12-22
76,8,Electronics,1,3431.56,2026-02-10
77,8,Apparel,1,400.33,2026-02-27
78,8,Home & Kitchen,1,2046.46,2026-02-27
79,8,Apparel,4,2956.08,2026-03-07
80,8,Apparel,3,2156.69,2026-04-03
81,8,Apparel,3,2561.9,2026-04-29
82,8,Beauty,2,507.01,2026-05-07
83,8,Home & Kitchen,1,3163.43,2026-05-14
84,8,Apparel,3,3219.13,2026-06-08
85,8,Home & Kitchen,1,3618.16,2026-07-30
86,9,Grocery,3,2747.1,2024-08-31
87,9,Grocery,1,2477.16,2024-11-04
88,9,Beauty,2,441.01,2025-01-15
89,9,Beauty,1,1997.23,2025-06-05
90,9,Home & Kitchen,2,3096.49,2025-08-29
91,9,Apparel,1,203.2,2025-09-30
92,9,Sports,4,1354.94,2026-03-06
93,9,Home & Kitchen,3,958.68,2026-05-20
94,9,Apparel,1,1698.87,2026-07-11
95,10,Sports,3,1536.04,2025-02-21
96,10,Electronics,1,854.36,2025-04-13
97,10,Sports,2,3428.88,2025-06-12
98,10,Home & Kitchen,1,3176.02,2025-07-23
99,10,Electronics,3,223.21,2025-08-21
100,10,Grocery,1,2979.99,2025-08-22
101,10,Grocery,3,1356.95,2025-08-24
102,11,Sports,2,1793.6,2025-10-20
103,12,Electronics,1,596.36,2026-04-26
104,12,Beauty,2,1875.33,2026-05-02
105,12,Electronics,3,558.06,2026-05-04
106,12,Grocery,4,3006.54,2026-05-08
107,12,Home & Kitchen,3,1650.94,2026-05-10
108,12,Apparel,1,2158.27,2026-05-10
109,12,Electronics,2,3744.39,2026-05-11
110,12,Home & Kitchen,1,3648.59,2026-05-14
111,12,Grocery,1,1483.19,2026-05-25
112,12,Sports,1,3325.65,2026-05-31
113,12,Beauty,1,1262.28,2026-06-07
114,12,Home & Kitchen,4,3526.1,2026-06-16
115,12,Home & Kitchen,4,1997.9,2026-06-19
116,12,Grocery,1,3403.1,2026-06-20
117,12,Grocery,3,327.23,2026-06-21
118,12,Beauty,2,2812.49,2026-06-27
119,12,Beauty,1,2171.9,2026-06-29
120,12,Grocery,2,1441.62,2026-06-30
121,12,Beauty,1,3907.34,2026-07-20
122,13,Electronics,3,2082.67,2026-05-25
123,14,Electronics,3,2367.64,2024-09-17
124,14,Electronics,3,2980.06,2025-01-09
125,14,Electronics,2,2062.32,2025-02-26
126,14,Grocery,2,2697.3,2025-04-20
127,14,Home & Kitchen,1,246.54,2025-05-29
128,14,Electronics,1,840.08,2025-10-06
129,14,Grocery,4,2909.82,2025-12-03
130,14,Home & Kitchen,3,1860.28,2025-12-12
131,14,Sports,1,1941.3,2026-03-15
132,15,Home & Kitchen,4,727.83,2025-07-20
133,15,Apparel,4,2017.16,2025-07-25
134,15,Home & Kitchen,1,1145.3,2025-07-28
135,15,Apparel,4,1373.96,2025-08-04
136,16,Electronics,3,1150.0,2026-03-17
137,17,Apparel,4,2915.77,2025-02-09
138,17,Sports,3,1456.47,2025-05-02
139,17,Beauty,1,1635.17,2025-05-27
140,17,Sports,3,3599.21,2025-09-04
141,18,Apparel,3,3351.14,2026-02-26
142,19,Grocery,1,2363.64,2024-11-02
143,19,Grocery,4,723.09,2024-12-11
144,19,Home & Kitchen,4,1481.87,2024-12-18
145,19,Home & Kitchen,4,3047.46,2024-12-29
146,19,Electronics,2,1546.4,2025-03-14
147,19,Sports,1,488.42,2025-08-04
148,19,Electronics,3,3128.06,2025-08-17
149,19,Home & Kitchen,4,1555.21,2026-01-14
150,19,Grocery,4,1292.97,2026-02-26
151,19,Electronics,4,3687.52,2026-06-27
152,19,Electronics,1,3464.06,2026-07-05
153,20,Beauty,4,1210.72,2025-07-04
154,20,Electronics,1,909.25,2025-07-07
155,20,Sports,3,1227.12,2025-08-11
156,20,Beauty,1,529.21,2025-08-22
157,20,Grocery,2,3130.26,2025-10-08
158,20,Apparel,1,2008.24,2025-11-11
159,20,Home & Kitchen,3,341.03,2026-01-05
160,20,Apparel,2,3639.93,2026-01-16
161,20,Grocery,4,3423.68,2026-01-16
162,20,Sports,1,3092.0,2026-02-14
163,20,Apparel,2,806.98,2026-03-22
164,20,Sports,2,3703.09,2026-05-15
165,20,Grocery,4,1657.41,2026-05-25
166,20,Apparel,1,3617.13,2026-05-30
167,20,Sports,4,2118.87,2026-06-08
168,20,Beauty,1,2243.6,2026-06-19
169,20,Apparel,3,2006.5,2026-07-17
170,21,Apparel,4,1292.91,2026-03-13
171,22,Grocery,3,3187.32,2025-03-13
172,22,Beauty,1,2441.68,2025-06-28
173,22,Apparel,1,2721.97,2025-08-01
174,22,Electronics,2,2978.09,2025-12-07
175,22,Beauty,3,3886.1,2026-06-24
176,22,Apparel,3,2353.96,2026-07-16
177,22,Sports,3,1207.93,2026-07-19
178,23,Grocery,1,575.32,2025-04-21
179,23,Home & Kitchen,4,3091.98,2025-07-16
180,23,Electronics,2,1623.43,2025-08-03
181,23,Grocery,3,3423.54,2025-10-01
182,23,Electronics,1,1445.82,2025-10-14
183,23,Grocery,3,2794.62,2026-01-22
184,23,Sports,4,3966.08,2026-02-12
185,23,Beauty,1,2709.55,2026-05-23
186,23,Grocery,2,3030.47,2026-06-15
187,23,Beauty,2,428.02,2026-07-04
188,23,Beauty,1,3125.29,2026-07-13
189,24,Electronics,1,2203.81,2025-05-28
190,24,Grocery,4,3031.27,2025-08-03
191,24,Grocery,1,3258.79,2025-08-13
192,25,Apparel,1,3154.39,2026-01-07
193,25,Grocery,3,1053.55,2026-01-11
194,25,Home & Kitchen,3,2775.68,2026-05-15
195,26,Apparel,4,1293.9,2025-03-28
196,26,Sports,2,390.56,2025-07-03
197,26,Sports,4,1271.89,2025-08-24
198,26,Beauty,1,2599.31,2026-03-29
199,26,Apparel,2,1010.63,2026-06-12
200,27,Grocery,4,1001.78,2026-07-23
201,28,Home & Kitchen,3,3311.43,2025-09-09
202,28,Beauty,1,452.59,2025-10-05
203,28,Electronics,4,804.52,2025-10-18
204,28,Apparel,4,3690.78,2025-12-27
205,28,Grocery,4,1745.3,2025-12-31
206,28,Home & Kitchen,2,3080.81,2026-01-21
207,28,Grocery,1,821.03,2026-02-01
208,28,Home & Kitchen,3,3810.64,2026-04-23
209,28,Sports,3,3332.6,2026-04-23
210,28,Sports,2,1306.73,2026-06-26
211,28,Home & Kitchen,3,732.69,2026-07-23
212,29,Beauty,2,2834.42,2025-06-30
213,29,Apparel,1,3365.92,2025-07-07
214,29,Beauty,4,3409.94,2025-09-18
215,29,Home & Kitchen,4,3720.03,2025-09-19
216,29,Home & Kitchen,2,316.63,2025-09-23
217,29,Sports,3,1646.98,2025-10-05
218,29,Electronics,3,831.03,2025-11-10
219,30,Apparel,1,3076.94,2025-07-24
220,30,Beauty,1,1144.66,2025-12-12
221,30,Home & Kitchen,4,3086.21,2026-01-09
222,30,Grocery,2,674.38,2026-02-04
223,31,Sports,3,1287.47,2025-10-07
224,31,Apparel,1,225.84,2025-11-12
225,31,Grocery,2,3462.32,2025-11-13
226,31,Beauty,4,2780.21,2026-01-07
227,31,Electronics,3,899.32,2026-02-21
228,31,Sports,2,3612.05,2026-04-18
229,31,Beauty,4,1855.76,2026-05-13
230,31,Electronics,4,3743.77,2026-07-02
231,31,Grocery,4,1288.66,2026-07-10
232,31,Sports,3,1651.42,2026-07-14
233,31,Electronics,2,1928.39,2026-07-16
234,32,Grocery,3,2445.1,2025-08-31
235,32,Electronics,4,1966.33,2025-10-24
236,32,Sports,3,2439.56,2025-12-18
237,32,Electronics,3,3492.09,2026-04-07
238,32,Sports,3,1730.51,2026-04-30
239,32,Sports,3,3501.75,2026-05-24
240,32,Electronics,4,3427.8,2026-06-08
241,32,Beauty,1,1251.71,2026-07-10
242,32,Apparel,4,3501.89,2026-07-14
243,32,Electronics,2,1563.58,2026-07-15
244,33,Electronics,3,2134.76,2025-08-18
245,33,Electronics,1,3154.46,2025-08-20
246,33,Grocery,2,1859.27,2025-10-06
247,33,Electronics,1,681.39,2025-10-22
248,33,Home & Kitchen,4,2318.17,2025-11-11
249,33,Apparel,4,3586.22,2025-11-13
250,33,Home & Kitchen,4,615.5,2025-11-16
251,33,Beauty,4,2266.71,2025-11-30
252,33,Beauty,3,765.91,2025-12-23
253,33,Beauty,2,2844.68,2026-02-02
254,33,Apparel,3,3252.37,2026-02-21
255,33,Beauty,1,3355.99,2026-05-18
256,33,Electronics,1,2724.45,2026-07-01
257,34,Sports,3,3690.6,2026-07-27
258,35,Electronics,3,3580.1,2026-04-02
259,35,Beauty,4,3017.28,2026-04-08
260,35,Grocery,2,290.61,2026-04-15
261,35,Beauty,3,1994.72,2026-04-30
262,35,Sports,2,266.22,2026-05-06
263,35,Electronics,1,1450.5,2026-05-30
264,35,Beauty,3,899.75,2026-06-07
265,35,Home & Kitchen,2,1679.36,2026-06-07
266,35,Home & Kitchen,3,2715.37,2026-06-20
267,36,Grocery,3,1245.16,2026-02-25
268,36,Apparel,2,3275.35,2026-02-27
269,36,Home & Kitchen,3,2706.19,2026-03-03
270,36,Home & Kitchen,1,1136.53,2026-03-04
271,36,Home & Kitchen,4,3400.17,2026-03-27
272,36,Apparel,1,847.63,2026-03-27
273,36,Sports,2,3851.62,2026-03-28
274,36,Grocery,1,2489.24,2026-03-31
275,36,Sports,4,2437.9,2026-04-05
276,36,Beauty,4,1086.88,2026-04-07
277,36,Sports,1,2731.72,2026-04-15
278,36,Apparel,4,2902.05,2026-04-24
279,36,Electronics,1,2883.58,2026-04-25
280,36,Electronics,1,1783.08,2026-04-27
281,36,Beauty,2,2580.77,2026-05-04
282,36,Sports,2,229.29,2026-05-07
283,36,Beauty,1,2889.22,2026-05-08
284,36,Grocery,2,2568.68,2026-05-09
285,36,Sports,2,377.83,2026-05-21
286,36,Sports,2,3527.66,2026-05-26
287,36,Sports,1,1803.47,2026-06-01
288,36,Home & Kitchen,3,1089.08,2026-06-04
289,36,Beauty,3,2822.9,2026-06-06
290,36,Beauty,4,1151.29,2026-06-17
291,36,Home & Kitchen,4,903.75,2026-06-23
292,36,Grocery,1,967.26,2026-06-24
293,36,Sports,4,1099.54,2026-06-26
294,36,Grocery,4,2407.15,2026-06-29
295,36,Home & Kitchen,4,3440.81,2026-07-05
296,36,Sports,4,3554.43,2026-07-07
297,36,Sports,2,696.23,2026-07-17
298,37,Grocery,2,3294.78,2026-01-05
299,37,Apparel,1,1770.02,2026-01-14
300,37,Beauty,1,3463.18,2026-02-10
301,37,Grocery,3,2578.66,2026-02-15
302,37,Electronics,2,829.49,2026-03-12
303,37,Beauty,4,3093.71,2026-03-17
304,38,Sports,1,2496.73,2025-12-05
305,38,Grocery,2,2124.82,2026-02-14
306,38,Home & Kitchen,2,2319.58,2026-03-30
307,38,Beauty,4,3269.27,2026-05-20
308,38,Apparel,2,3296.73,2026-05-21
309,39,Beauty,4,3612.48,2025-05-22
310,39,Home & Kitchen,4,557.93,2026-05-12
311,40,Grocery,2,2681.42,2026-07-22
312,41,Sports,4,3271.02,2025-06-24
313,41,Home & Kitchen,4,3821.78,2025-07-09
314,41,Beauty,2,1628.95,2025-07-17
315,41,Grocery,1,1938.07,2025-07-27
316,41,Sports,3,861.72,2025-09-02
317,41,Sports,1,3597.55,2025-09-04
318,41,Grocery,3,2106.86,2025-10-26
319,41,Apparel,2,994.8,2025-11-27
320,41,Sports,3,1676.72,2025-12-05
321,41,Sports,3,1049.76,2025-12-18
322,41,Electronics,4,1947.82,2026-01-01
323,41,Home & Kitchen,3,345.59,2026-01-05
324,41,Sports,3,738.22,2026-02-14
325,41,Grocery,4,3158.18,2026-03-14
326,41,Home & Kitchen,1,2512.96,2026-03-17
327,41,Apparel,2,224.29,2026-04-19
328,41,Home & Kitchen,1,3991.37,2026-05-01
329,41,Electronics,2,3794.51,2026-07-23
330,42,Electronics,3,255.55,2024-12-12
331,42,Sports,3,1984.03,2024-12-30
332,42,Beauty,4,1430.13,2025-02-28
333,42,Beauty,3,2139.6,2025-03-23
334,42,Apparel,3,1414.3,2025-04-18
335,42,Sports,2,297.29,2025-04-21
336,42,Grocery,2,1357.88,2025-05-03
337,42,Sports,4,2446.23,2025-06-19
338,42,Grocery,4,2458.26,2025-08-27
339,42,Sports,3,1712.07,2025-09-01
340,42,Grocery,2,213.8,2025-09-17
341,42,Electronics,3,1917.98,2025-09-27
342,42,Sports,2,3556.89,2025-10-08
343,42,Grocery,4,3291.62,2025-10-21
344,42,Sports,3,883.59,2025-10-31
345,42,Electronics,2,2396.46,2025-11-30
346,42,Home & Kitchen,1,3873.89,2026-01-18
347,42,Sports,4,1467.01,2026-01-29
348,42,Sports,4,626.85,2026-02-09
349,42,Home & Kitchen,3,422.46,2026-02-27
350,42,Home & Kitchen,2,619.48,2026-07-25
351,43,Apparel,2,2864.41,2026-04-13
352,43,Apparel,1,577.9,2026-05-04
353,44,Electronics,1,2679.54,2024-11-18
354,44,Beauty,3,3496.7,2024-12-17
355,44,Apparel,2,3925.22,2024-12-20
356,44,Beauty,4,3614.62,2025-01-25
357,44,Home & Kitchen,1,2883.5,2025-02-27
358,44,Home & Kitchen,1,498.26,2025-03-11
359,44,Sports,4,2481.57,2025-03-23
360,44,Apparel,4,3188.51,2025-04-02
361,44,Grocery,1,3754.51,2025-04-10
362,44,Beauty,3,1956.25,2025-04-24
363,44,Apparel,2,1734.24,2025-05-22
364,44,Sports,1,1772.42,2025-06-03
365,44,Sports,1,1217.43,2025-07-03
366,44,Apparel,1,1811.01,2025-07-26
367,44,Electronics,1,3337.74,2025-08-04
368,44,Grocery,2,525.14,2025-08-11
369,44,Sports,2,164.39,2025-09-27
370,44,Grocery,2,434.15,2025-10-10
371,44,Sports,2,1319.77,2025-12-11
372,44,Beauty,2,1098.39,2025-12-17
373,44,Electronics,1,219.23,2025-12-18
374,44,Beauty,2,2336.04,2025-12-25
375,44,Sports,1,952.1,2026-01-05
376,44,Electronics,3,2572.92,2026-01-09
377,44,Home & Kitchen,2,1435.98,2026-01-17
378,44,Electronics,2,3655.32,2026-01-20
379,44,Apparel,1,3384.27,2026-01-23
380,44,Home & Kitchen,2,2314.13,2026-02-06
381,44,Home & Kitchen,4,2770.42,2026-02-06
382,44,Apparel,3,2945.01,2026-02-17
383,44,Apparel,3,1390.91,2026-04-05
384,44,Electronics,1,1671.62,2026-05-07
385,44,Sports,3,3761.13,2026-06-10
386,44,Sports,1,542.18,2026-07-18
387,45,Beauty,2,3472.47,2026-05-25
388,45,Grocery,2,369.45,2026-05-29
389,45,Beauty,1,1029.08,2026-06-04
390,45,Apparel,3,3288.44,2026-06-22
391,46,Grocery,1,2546.64,2026-06-03
392,47,Electronics,2,3309.71,2025-06-01
393,47,Grocery,4,3873.87,2026-05-25
394,48,Grocery,1,2411.01,2024-08-05
395,48,Grocery,4,463.57,2025-06-02
396,48,Home & Kitchen,3,1676.43,2026-05-18
397,49,Grocery,4,1677.6,2025-06-04
398,49,Grocery,2,2580.32,2025-06-25
399,49,Apparel,1,2197.28,2025-07-06
400,49,Electronics,1,1015.75,2025-07-16
401,49,Apparel,3,3892.83,2025-07-23
402,49,Grocery,4,1153.64,2025-08-22
403,49,Beauty,1,2146.57,2025-09-10
404,49,Beauty,2,1610.82,2025-09-11
405,49,Grocery,4,2882.3,2025-09-23
406,49,Apparel,3,2542.62,2025-09-24
407,49,Beauty,3,2755.97,2025-10-01
408,49,Apparel,4,3794.67,2025-10-22
409,49,Electronics,4,3459.92,2025-11-01
410,49,Grocery,1,1888.94,2025-11-10
411,49,Grocery,4,1283.18,2025-11-14
412,49,Electronics,3,362.68,2025-12-05
413,49,Home & Kitchen,1,1690.85,2025-12-15
414,49,Apparel,1,1783.66,2026-01-19
415,49,Sports,1,3467.83,2026-01-21
416,49,Beauty,2,1615.79,2026-02-23
417,49,Sports,4,2304.72,2026-03-04
418,49,Sports,1,987.67,2026-03-04
419,49,Grocery,3,917.55,2026-03-26
420,49,Beauty,1,2548.3,2026-05-21
421,49,Apparel,2,1186.04,2026-06-04
422,49,Electronics,3,2589.93,2026-07-03
423,49,Beauty,1,1204.31,2026-07-23
424,50,Apparel,1,2826.29,2024-09-02
425,50,Electronics,3,371.13,2024-10-09
426,50,Beauty,3,2829.45,2026-01-21
427,50,Sports,4,3675.96,2026-01-28
428,50,Electronics,4,3185.59,2026-04-18
429,50,Electronics,1,1905.79,2026-07-14
430,51,Sports,2,2253.58,2024-12-16
431,51,Sports,2,1805.41,2025-03-31
432,51,Grocery,2,3982.65,2025-09-10
433,52,Grocery,1,2732.97,2025-12-05
434,52,Beauty,1,2884.77,2025-12-14
435,52,Apparel,3,701.22,2025-12-20
436,52,Apparel,3,347.76,2025-12-20
437,52,Apparel,4,1840.22,2026-03-29
438,52,Grocery,3,934.14,2026-04-17
439,52,Beauty,2,3918.95,2026-04-30
440,52,Home & Kitchen,2,3622.41,2026-06-15
441,52,Beauty,4,2417.93,2026-07-23
442,53,Home & Kitchen,1,1940.15,2026-07-08
443,54,Beauty,1,211.27,2025-07-06
444,54,Grocery,3,1293.72,2025-07-15
445,54,Home & Kitchen,1,2215.9,2025-07-26
446,54,Apparel,2,3934.78,2025-08-23
447,54,Grocery,1,530.74,2025-09-21
448,54,Beauty,2,2201.67,2025-10-29
449,54,Beauty,2,2990.18,2025-11-08
450,54,Beauty,1,605.84,2025-11-08
451,54,Sports,1,1985.9,2025-11-11
452,54,Sports,4,1588.4,2025-11-11
453,54,Electronics,3,3597.11,2025-11-28
454,54,Apparel,4,406.86,2025-12-12
455,54,Home & Kitchen,2,2066.43,2026-01-13
456,54,Beauty,1,328.86,2026-01-15
457,54,Beauty,1,3587.52,2026-01-22
458,54,Sports,3,1986.14,2026-01-23
459,54,Grocery,1,2188.27,2026-01-31
460,54,Grocery,3,3565.12,2026-03-01
461,54,Grocery,4,2722.55,2026-03-12
462,54,Electronics,4,1385.15,2026-04-17
463,54,Home & Kitchen,4,3673.68,2026-04-27
464,54,Electronics,3,1128.37,2026-04-30
465,54,Grocery,4,2399.06,2026-05-04
466,54,Electronics,2,578.75,2026-05-29
467,54,Apparel,2,2937.73,2026-06-19
468,54,Home & Kitchen,2,2034.92,2026-06-21
469,54,Beauty,3,189.52,2026-07-16
470,55,Home & Kitchen,1,1848.84,2026-03-07
471,56,Sports,1,3698.96,2026-06-03
472,56,Electronics,4,2764.46,2026-06-06
473,56,Apparel,4,2442.13,2026-06-10
474,56,Sports,2,422.79,2026-06-14
475,56,Home & Kitchen,2,1078.3,2026-06-14
476,56,Home & Kitchen,2,1604.75,2026-06-22
477,56,Apparel,1,2605.51,2026-06-26
478,56,Sports,2,815.15,2026-06-30
479,56,Beauty,1,3528.24,2026-07-03
480,56,Electronics,4,3819.5,2026-07-06
481,56,Grocery,3,1651.3,2026-07-08
482,57,Apparel,1,1782.35,2026-05-03
483,57,Apparel,4,1213.73,2026-05-16
484,57,Beauty,2,1822.97,2026-06-17
485,58,Beauty,2,2053.2,2025-11-09
486,58,Grocery,4,569.82,2026-05-15
487,59,Apparel,3,1452.28,2026-05-10
488,60,Sports,1,310.63,2025-07-26
489,61,Apparel,2,3100.52,2025-10-09
490,62,Sports,2,190.1,2025-08-08
491,62,Apparel,2,2439.7,2025-08-24
492,62,Electronics,4,2487.47,2025-12-31
493,62,Sports,2,3973.85,2026-01-13
494,62,Electronics,4,1027.04,2026-01-23
495,62,Apparel,1,1474.61,2026-03-10
496,62,Home & Kitchen,4,2894.21,2026-03-11
497,62,Grocery,2,3892.92,2026-07-01
498,62,Beauty,4,3655.58,2026-07-02
499,62,Grocery,1,1124.4,2026-07-05
500,63,Sports,4,3042.32,2025-05-19
501,63,Apparel,4,2016.2,2025-05-29
502,63,Beauty,1,2583.14,2025-06-02
503,63,Grocery,4,1342.81,2025-06-11
504,63,Electronics,1,862.24,2025-06-28
505,63,Sports,4,173.32,2025-07-20
506,63,Electronics,1,528.58,2025-07-29
507,63,Electronics,4,1625.77,2025-08-09
508,63,Grocery,3,2867.62,2025-08-19
509,63,Beauty,2,2969.67,2025-09-04
510,63,Sports,2,2236.1,2025-09-18
511,63,Sports,2,157.47,2025-09-21
512,63,Grocery,3,1172.68,2025-09-28
513,63,Electronics,2,3533.37,2025-10-24
514,63,Sports,2,544.06,2025-10-30
515,63,Electronics,3,2223.0,2025-11-18
516,63,Home & Kitchen,1,1493.31,2025-11-23
517,63,Grocery,3,1226.92,2025-12-24
518,63,Home & Kitchen,4,3226.03,2026-01-06
519,63,Apparel,3,3674.79,2026-01-14
520,63,Grocery,1,1014.48,2026-01-25
521,63,Sports,4,2108.56,2026-01-28
522,63,Electronics,1,2344.85,2026-03-10
523,63,Apparel,3,2473.15,2026-03-11
524,63,Beauty,1,291.41,2026-03-25
525,63,Grocery,2,212.6,2026-04-10
526,63,Grocery,1,2623.87,2026-04-29
527,63,Electronics,2,479.25,2026-05-29
528,63,Electronics,4,1568.67,2026-07-01
529,63,Apparel,4,2495.57,2026-07-12
530,64,Home & Kitchen,3,2737.18,2025-10-14
531,65,Electronics,3,3518.4,2026-07-25
532,66,Home & Kitchen,2,3545.66,2024-08-25
533,66,Grocery,2,3988.37,2024-10-28
534,66,Home & Kitchen,4,3409.68,2024-12-08
535,66,Home & Kitchen,1,985.7,2024-12-10
536,66,Sports,4,3332.91,2025-01-05
537,66,Home & Kitchen,1,943.03,2025-01-31
538,66,Sports,1,679.8,2025-03-13
539,66,Apparel,2,2086.21,2025-04-09
540,66,Beauty,3,363.11,2025-04-24
541,66,Apparel,1,600.73,2025-07-02
542,66,Sports,2,865.27,2025-07-16
543,66,Grocery,4,1587.37,2025-10-22
544,66,Electronics,1,2715.8,2026-01-17
545,66,Grocery,4,3208.49,2026-04-23
546,66,Electronics,3,1605.92,2026-05-04
547,66,Electronics,2,1313.21,2026-05-20
548,66,Electronics,4,3242.86,2026-05-30
549,66,Home & Kitchen,2,3468.44,2026-07-06
550,66,Grocery,3,2789.41,2026-07-17
551,66,Apparel,2,1080.03,2026-07-28
552,67,Electronics,4,3230.95,2025-10-21
553,68,Home & Kitchen,2,3868.23,2025-01-06
554,68,Grocery,2,785.08,2025-03-02
555,68,Sports,1,3321.05,2025-03-02
556,68,Beauty,3,2329.53,2025-05-23
557,68,Grocery,1,2532.18,2025-07-18
558,68,Apparel,3,2933.37,2025-08-08
559,68,Sports,1,2285.63,2025-10-15
560,68,Electronics,1,193.85,2026-02-18
561,68,Home & Kitchen,4,1534.0,2026-03-13
562,68,Grocery,2,1063.46,2026-03-24
563,68,Electronics,1,3851.0,2026-05-08
564,68,Beauty,3,2637.36,2026-05-11
565,68,Apparel,4,2740.89,2026-07-07
566,69,Home & Kitchen,3,3499.18,2026-07-07
567,70,Grocery,1,2112.77,2026-01-04
568,70,Electronics,3,3058.96,2026-05-26
569,71,Apparel,4,1986.51,2026-05-05
570,71,Apparel,1,196.62,2026-06-02
571,71,Sports,3,1790.63,2026-06-17
572,71,Home & Kitchen,2,1405.06,2026-06-18
573,71,Apparel,1,1973.66,2026-06-21
574,72,Electronics,3,3462.09,2025-02-23
575,72,Sports,4,3125.5,2025-11-20
576,72,Apparel,3,1943.84,2025-12-07
577,72,Home & Kitchen,4,3348.55,2026-01-21
578,73,Grocery,4,2012.16,2026-01-26
579,73,Grocery,2,1777.28,2026-03-05
580,73,Electronics,1,1953.07,2026-04-07
581,73,Apparel,4,3685.06,2026-05-03
582,73,Sports,1,1257.3,2026-05-16
583,74,Beauty,1,3121.53,2025-04-07
584,74,Sports,3,1640.96,2025-07-05
585,74,Apparel,1,2229.16,2025-08-25
586,74,Electronics,2,3311.18,2025-10-05
587,74,Beauty,3,1330.91,2025-10-09
588,74,Apparel,4,2489.22,2026-01-27
589,74,Electronics,1,1743.92,2026-02-25
590,74,Electronics,2,3787.26,2026-07-03
591,75,Electronics,3,3910.66,2025-07-08
592,76,Beauty,2,1666.19,2025-04-19
593,76,Grocery,1,3553.35,2025-06-05
594,76,Electronics,2,991.4,2026-05-15
595,77,Home & Kitchen,1,2018.19,2025-10-31
596,77,Sports,3,1344.99,2025-11-05
597,77,Electronics,1,1541.87,2026-01-30
598,77,Apparel,1,3398.78,2026-06-29
599,78,Grocery,2,3790.64,2026-04-11
600,78,Beauty,2,2633.0,2026-04-25
601,78,Home & Kitchen,1,821.76,2026-04-29
602,78,Electronics,1,3308.79,2026-05-02
603,78,Beauty,2,586.74,2026-05-15
604,78,Electronics,1,2560.42,2026-06-19
605,78,Apparel,3,3861.45,2026-06-21
606,78,Apparel,1,3677.33,2026-06-25
607,78,Beauty,3,3059.66,2026-07-18
608,78,Home & Kitchen,3,287.15,2026-07-23
609,79,Beauty,4,3005.21,2025-12-05
610,79,Electronics,3,2658.37,2025-12-24
611,79,Electronics,1,3648.95,2026-03-10
612,79,Beauty,1,1835.54,2026-05-04
613,79,Sports,1,852.22,2026-06-03
614,80,Home & Kitchen,3,2341.92,2024-11-05
615,80,Beauty,4,3425.43,2024-12-27
616,80,Apparel,1,3629.17,2025-03-02
617,80,Apparel,4,3203.13,2025-03-12
618,80,Beauty,1,3949.23,2025-03-13
619,80,Sports,4,2080.4,2025-09-18
620,80,Sports,1,2972.73,2026-01-21
621,80,Apparel,2,2575.82,2026-02-10
622,80,Sports,4,298.43,2026-05-03
623,80,Grocery,1,3182.65,2026-05-23
624,80,Apparel,3,1593.78,2026-07-21
625,81,Sports,4,3432.28,2025-08-10
626,81,Electronics,3,2226.12,2025-09-11
627,81,Electronics,3,709.31,2025-11-07
628,81,Beauty,4,3837.76,2026-01-20
629,81,Sports,3,158.63,2026-01-30
630,81,Sports,1,2733.64,2026-02-02
631,81,Home & Kitchen,3,925.69,2026-02-04
632,81,Sports,4,3266.32,2026-02-06
633,81,Grocery,2,404.22,2026-03-18
634,81,Electronics,3,2633.93,2026-04-07
635,81,Grocery,3,3029.41,2026-06-30
636,81,Home & Kitchen,1,160.42,2026-07-11
637,81,Beauty,2,3536.75,2026-07-21
638,82,Apparel,4,2800.35,2025-02-21
639,82,Beauty,3,2550.85,2025-06-05
640,82,Beauty,3,3103.05,2025-06-06
641,82,Home & Kitchen,1,1160.09,2025-08-02
642,82,Apparel,4,3407.04,2025-08-19
643,82,Sports,1,797.8,2025-09-08
644,82,Beauty,4,3701.42,2026-02-18
645,82,Grocery,4,1198.77,2026-03-19
646,82,Sports,4,220.73,2026-06-06
647,82,Home & Kitchen,2,2860.35,2026-06-18
648,82,Apparel,4,3257.4,2026-06-29
649,82,Apparel,2,678.25,2026-07-21
650,82,Sports,2,1597.62,2026-07-25
651,83,Electronics,4,2004.98,2026-07-04
652,84,Grocery,4,2293.0,2026-05-01
653,84,Grocery,3,1508.13,2026-05-03
654,84,Grocery,4,2294.55,2026-05-07
655,84,Electronics,3,1110.63,2026-06-08
656,84,Beauty,4,974.55,2026-06-09
657,84,Sports,1,2449.91,2026-06-15
658,84,Grocery,4,1278.34,2026-06-16
659,84,Sports,2,725.08,2026-06-22
660,85,Home & Kitchen,4,633.65,2025-09-22
661,86,Apparel,3,2227.94,2025-09-19
662,87,Home & Kitchen,3,1708.59,2026-06-18
663,87,Home & Kitchen,1,3485.05,2026-06-22
664,87,Sports,1,1736.52,2026-06-25
665,87,Electronics,4,3882.76,2026-06-27
666,87,Home & Kitchen,4,1732.4,2026-06-27
667,87,Grocery,3,3416.49,2026-07-01
668,87,Electronics,1,3882.44,2026-07-04
669,87,Beauty,1,2682.21,2026-07-10
670,87,Electronics,1,977.76,2026-07-15
671,87,Home & Kitchen,1,3777.12,2026-07-16
672,87,Beauty,1,3663.07,2026-07-16
673,87,Sports,1,1417.58,2026-07-21
674,87,Grocery,1,3953.55,2026-07-22
675,88,Electronics,4,3038.79,2026-05-02
676,88,Apparel,2,2113.24,2026-05-08
677,88,Home & Kitchen,1,1717.67,2026-06-22
678,88,Home & Kitchen,1,2774.17,2026-06-30
679,88,Home & Kitchen,3,1196.48,2026-07-05
680,89,Home & Kitchen,1,1411.76,2026-03-19
681,89,Grocery,1,1625.56,2026-03-23
682,89,Beauty,2,2204.0,2026-03-30
683,90,Electronics,3,473.36,2025-11-28
684,90,Beauty,1,1770.36,2025-11-28
685,90,Electronics,1,3383.53,2025-12-11
686,90,Electronics,1,1769.5,2026-01-02
687,90,Apparel,2,3346.17,2026-01-09
688,90,Apparel,3,3340.86,2026-01-23
689,90,Electronics,3,1174.24,2026-03-05
690,90,Sports,1,3186.64,2026-03-20
691,90,Electronics,3,1025.57,2026-04-11
692,90,Electronics,2,2513.08,2026-05-19
693,90,Grocery,1,3542.88,2026-07-07
694,90,Sports,4,1838.64,2026-07-14
695,91,Sports,4,2799.66,2025-02-06
696,91,Home & Kitchen,3,2849.09,2025-10-15
697,91,Sports,1,1122.61,2026-05-13
698,91,Grocery,1,3740.16,2026-05-29
699,92,Home & Kitchen,3,628.79,2026-01-23
700,92,Grocery,1,1654.62,2026-05-03
701,93,Grocery,3,3200.35,2025-09-02
702,93,Home & Kitchen,3,1341.63,2026-01-26
703,93,Grocery,2,2237.4,2026-06-16
704,94,Sports,4,1317.95,2024-11-06
705,94,Apparel,2,3391.44,2025-04-01
706,94,Beauty,3,801.74,2025-04-05
707,94,Sports,2,1931.02,2025-07-13
708,94,Electronics,1,2538.38,2026-01-31
709,95,Beauty,1,1638.1,2025-02-01
710,95,Beauty,3,3922.09,2025-03-28
711,95,Electronics,1,1236.01,2025-04-11
712,95,Home & Kitchen,1,3242.27,2025-06-29
713,95,Grocery,3,2343.72,2025-09-02
714,95,Sports,4,2689.91,2025-09-30
715,95,Apparel,3,2376.54,2025-10-09
716,95,Sports,3,3545.92,2025-11-03
717,95,Beauty,4,2023.23,2025-12-08
718,95,Beauty,1,2831.7,2026-01-06
719,95,Electronics,2,3857.01,2026-04-11
720,95,Beauty,1,587.64,2026-06-27
721,95,Grocery,2,3334.36,2026-07-03
722,96,Sports,2,465.54,2025-08-30
723,96,Apparel,4,1307.75,2025-09-13
724,96,Beauty,4,652.59,2025-09-20
725,96,Apparel,4,663.21,2025-10-07
726,96,Electronics,4,2378.08,2025-12-14
727,96,Electronics,2,2719.77,2026-02-05
728,96,Electronics,2,2369.18,2026-02-28
729,97,Electronics,4,2177.07,2026-01-09
730,97,Apparel,4,1467.01,2026-03-30
731,97,Home & Kitchen,1,2563.26,2026-05-07
732,97,Apparel,2,1240.96,2026-06-30
733,97,Apparel,3,1631.33,2026-07-08
734,98,Home & Kitchen,2,2462.67,2026-01-31
735,99,Home & Kitchen,3,3278.34,2025-12-25
736,99,Beauty,3,1463.56,2026-01-15
737,99,Beauty,4,551.22,2026-06-06
738,100,Beauty,2,1677.42,2026-04-24
739,101,Electronics,1,2087.15,2026-01-01
740,101,Sports,4,467.85,2026-02-14
741,101,Apparel,3,3972.27,2026-02-18
742,101,Electronics,1,599.65,2026-04-14
743,101,Grocery,2,1475.7,2026-05-29
744,101,Beauty,2,1813.54,2026-06-17
745,101,Grocery,4,2141.92,2026-06-23
746,102,Home & Kitchen,3,399.5,2026-06-30
747,103,Home & Kitchen,2,2612.37,2026-01-23
748,103,Sports,3,496.47,2026-04-14
749,103,Grocery,1,1850.64,2026-04-17
750,103,Home & Kitchen,1,1288.94,2026-06-18
751,103,Beauty,1,1354.82,2026-06-19
752,103,Beauty,2,1348.63,2026-07-01
753,104,Home & Kitchen,3,311.7,2026-02-02
754,104,Home & Kitchen,4,1808.6,2026-02-07
755,104,Sports,4,177.88,2026-06-18
756,105,Sports,3,3408.58,2024-11-24
757,105,Apparel,2,488.08,2025-01-10
758,105,Beauty,3,1426.13,2026-01-30
759,105,Apparel,2,3052.19,2026-07-07
760,106,Beauty,4,2893.01,2024-10-11
761,106,Electronics,3,1990.9,2025-04-22
762,106,Apparel,2,932.26,2025-06-26
763,106,Electronics,2,2368.84,2025-07-07
764,106,Sports,4,3133.62,2025-10-01
765,106,Apparel,1,761.6,2025-12-05
766,106,Sports,3,204.45,2026-05-12
767,106,Sports,4,1165.03,2026-05-16
768,106,Home & Kitchen,1,2054.42,2026-07-02
769,107,Home & Kitchen,3,3648.38,2025-11-18
770,107,Grocery,4,3305.21,2025-12-26
771,107,Grocery,2,3552.9,2026-01-03
772,107,Apparel,3,821.8,2026-01-12
773,107,Beauty,4,1102.27,2026-02-01
774,107,Beauty,3,2823.94,2026-02-25
775,107,Home & Kitchen,4,2715.87,2026-03-04
776,107,Grocery,4,379.96,2026-03-09
777,107,Beauty,1,903.13,2026-03-17
778,107,Apparel,3,1782.07,2026-03-21
779,107,Sports,1,927.74,2026-03-24
780,107,Grocery,3,1699.53,2026-03-27
781,107,Home & Kitchen,4,1947.81,2026-04-15
782,107,Beauty,4,3071.21,2026-04-16
783,107,Beauty,2,1528.25,2026-05-12
784,107,Sports,1,1274.5,2026-05-13
785,107,Electronics,2,1540.76,2026-05-20
786,107,Grocery,1,1971.86,2026-07-11
787,107,Apparel,1,3494.03,2026-07-12
788,107,Apparel,3,516.11,2026-07-24
789,108,Electronics,2,751.2,2025-12-02
790,109,Home & Kitchen,2,855.6,2026-03-29
791,110,Apparel,1,1959.4,2026-01-20
792,110,Beauty,3,1346.17,2026-02-06
793,110,Home & Kitchen,3,2001.46,2026-04-21
794,110,Apparel,2,3330.92,2026-07-01
795,111,Home & Kitchen,4,2325.33,2025-04-21
796,111,Sports,2,2647.92,2025-05-06
797,111,Sports,4,1085.12,2025-05-17
798,111,Apparel,3,2883.01,2025-06-30
799,111,Sports,2,707.53,2026-02-13
800,111,Electronics,3,959.15,2026-03-04
801,111,Grocery,2,2246.47,2026-06-08
802,111,Home & Kitchen,4,714.11,2026-07-03
803,112,Sports,4,327.87,2025-09-22
804,112,Grocery,3,255.04,2025-09-25
805,112,Beauty,3,608.78,2026-07-06
806,113,Apparel,2,2883.99,2025-05-01
807,113,Home & Kitchen,1,2401.1,2025-05-17
808,113,Sports,4,1917.97,2025-05-21
809,113,Grocery,4,2478.79,2025-07-01
810,113,Grocery,3,2227.49,2025-07-09
811,113,Grocery,1,3443.77,2025-07-16
812,113,Grocery,1,2688.77,2025-08-13
813,113,Grocery,2,1209.47,2025-08-20
814,113,Beauty,3,1420.19,2025-09-02
815,113,Home & Kitchen,1,1149.67,2025-09-28
816,113,Electronics,4,2740.8,2025-11-03
817,113,Grocery,1,908.49,2025-12-10
818,113,Grocery,3,3246.48,2025-12-21
819,113,Grocery,3,1949.32,2025-12-27
820,113,Home & Kitchen,3,3261.85,2026-01-21
821,113,Home & Kitchen,3,2126.12,2026-02-10
822,113,Home & Kitchen,4,2139.48,2026-02-26
823,113,Electronics,4,2344.02,2026-03-05
824,113,Sports,4,3569.92,2026-03-13
825,113,Apparel,4,393.6,2026-04-29
826,113,Grocery,2,3777.27,2026-05-18
827,113,Beauty,1,242.61,2026-06-17
828,113,Grocery,4,2371.33,2026-07-11
829,113,Grocery,2,2311.16,2026-07-18
830,114,Home & Kitchen,1,3499.95,2026-04-27
831,114,Electronics,2,2282.82,2026-05-20
832,115,Apparel,3,1800.82,2025-08-19
833,115,Grocery,4,1526.02,2025-09-19
834,115,Electronics,2,1439.25,2026-06-03
835,115,Grocery,1,3937.55,2026-06-17
836,116,Sports,3,538.87,2025-05-05
837,116,Home & Kitchen,1,3553.49,2025-07-01
838,116,Grocery,1,559.04,2026-03-19
839,116,Beauty,3,2870.42,2026-05-11
840,117,Beauty,2,1375.28,2026-01-05
841,117,Home & Kitchen,1,2595.66,2026-01-09
842,117,Beauty,4,476.03,2026-05-10
843,118,Grocery,2,458.78,2026-07-14
844,119,Home & Kitchen,4,1215.21,2025-07-22
845,120,Electronics,1,3031.23,2026-02-02
846,120,Sports,3,897.43,2026-03-13
847,120,Home & Kitchen,3,540.98,2026-04-23
848,120,Electronics,2,3264.47,2026-04-24
849,120,Sports,1,2194.41,2026-05-17
850,121,Beauty,1,3097.65,2026-05-30
851,122,Beauty,3,3660.58,2025-10-30
852,122,Grocery,2,873.39,2026-01-06
853,122,Grocery,2,1105.43,2026-01-13
854,122,Electronics,1,1474.02,2026-03-15
855,122,Apparel,1,2115.29,2026-04-20
856,122,Home & Kitchen,4,3824.15,2026-06-18
857,122,Grocery,1,2342.31,2026-06-18
858,122,Sports,3,737.18,2026-06-19
859,122,Grocery,3,920.21,2026-07-04
860,123,Apparel,3,1048.96,2025-06-22
861,123,Sports,3,3473.52,2025-07-31
862,123,Electronics,4,572.75,2025-08-04
863,123,Apparel,3,3112.81,2025-08-06
864,123,Electronics,1,2289.77,2025-08-09
865,123,Electronics,1,2500.13,2025-08-22
866,123,Sports,1,3911.22,2025-09-08
867,123,Beauty,4,3523.42,2025-09-09
868,123,Electronics,1,925.45,2025-10-16
869,123,Home & Kitchen,4,1412.4,2025-10-17
870,123,Grocery,4,3121.14,2025-10-18
871,123,Grocery,2,320.3,2025-10-19
872,123,Home & Kitchen,1,2444.61,2025-11-17
873,123,Sports,3,692.61,2025-11-29
874,123,Apparel,1,3681.71,2025-12-08
875,123,Apparel,3,1917.98,2025-12-15
876,123,Home & Kitchen,2,2269.66,2025-12-23
877,123,Home & Kitchen,1,916.04,2025-12-30
878,123,Home & Kitchen,4,198.21,2026-01-14
879,123,Grocery,3,162.47,2026-02-01
880,123,Beauty,2,2403.55,2026-02-02
881,123,Electronics,3,3620.68,2026-03-08
882,123,Apparel,3,588.87,2026-03-18
883,123,Electronics,4,2066.68,2026-03-27
884,123,Grocery,4,1903.28,2026-03-31
885,123,Electronics,2,1387.31,2026-04-05
886,123,Beauty,4,225.64,2026-05-08
887,123,Home & Kitchen,3,3643.2,2026-06-24
888,123,Home & Kitchen,1,2351.39,2026-06-29
889,123,Sports,4,1056.27,2026-07-03
890,123,Sports,3,1875.16,2026-07-12
891,123,Electronics,2,3304.96,2026-07-24
892,124,Home & Kitchen,3,1007.27,2025-11-08
893,124,Grocery,4,966.17,2026-02-08
894,124,Sports,2,678.34,2026-04-25
895,124,Beauty,2,2463.68,2026-06-17
896,125,Home & Kitchen,4,569.35,2025-09-03
897,125,Beauty,4,412.83,2025-12-03
898,125,Apparel,1,1591.97,2025-12-19
899,125,Grocery,2,3519.82,2026-06-23
900,126,Grocery,1,2974.52,2025-11-27
901,127,Apparel,4,1101.4,2026-06-28
902,128,Electronics,2,1297.68,2024-11-10
903,128,Beauty,1,824.77,2024-11-26
904,128,Sports,2,2221.43,2024-12-05
905,128,Home & Kitchen,4,3131.41,2025-01-10
906,128,Home & Kitchen,2,2251.72,2025-01-19
907,128,Grocery,2,345.19,2025-02-03
908,128,Beauty,4,1846.54,2025-02-07
909,128,Home & Kitchen,2,2220.22,2025-03-09
910,128,Apparel,1,2858.84,2025-03-27
911,128,Home & Kitchen,3,2677.83,2025-04-03
912,128,Sports,4,2709.71,2025-04-30
913,128,Sports,3,716.73,2025-08-13
914,128,Electronics,3,1182.68,2025-09-17
915,128,Grocery,3,2781.17,2025-09-18
916,128,Grocery,2,2506.44,2025-09-30
917,128,Beauty,1,1936.02,2025-11-02
918,128,Apparel,4,3686.75,2026-01-17
919,128,Electronics,2,1384.27,2026-02-01
920,128,Grocery,3,845.52,2026-03-21
921,128,Home & Kitchen,4,1999.67,2026-05-05
922,128,Sports,3,391.85,2026-05-09
923,128,Apparel,4,2420.13,2026-05-12
924,128,Electronics,1,323.82,2026-05-29
925,128,Electronics,2,1320.08,2026-07-08
926,128,Home & Kitchen,4,2813.4,2026-07-29
927,129,Home & Kitchen,3,3577.19,2025-08-31
928,130,Electronics,4,1070.35,2025-06-02
929,130,Grocery,4,2739.4,2025-07-22
930,130,Electronics,1,329.64,2025-08-17
931,130,Electronics,2,923.64,2025-09-08
932,130,Apparel,3,1003.59,2025-10-06
933,130,Beauty,2,827.71,2025-10-22
934,130,Home & Kitchen,1,3488.79,2026-01-07
935,130,Apparel,3,2179.71,2026-03-23
936,130,Electronics,1,419.56,2026-03-28
937,130,Apparel,1,3393.52,2026-06-24
938,131,Home & Kitchen,3,1738.87,2025-08-31
939,131,Beauty,4,900.83,2026-06-28
940,132,Grocery,3,694.64,2025-01-15
941,132,Sports,3,2819.8,2025-01-28
942,132,Home & Kitchen,3,1013.73,2025-04-10
943,132,Apparel,2,1297.16,2025-07-10
944,132,Home & Kitchen,2,1547.61,2025-07-18
945,132,Electronics,4,201.56,2025-09-19
946,132,Beauty,4,277.43,2025-10-29
947,132,Electronics,1,943.19,2026-03-14
948,132,Sports,2,3452.28,2026-03-21
949,132,Sports,4,3747.79,2026-05-30
950,132,Home & Kitchen,2,210.97,2026-07-07
951,133,Beauty,2,3646.81,2024-08-10
952,133,Apparel,3,329.02,2024-10-21
953,133,Sports,3,1081.96,2024-10-22
954,133,Apparel,2,405.26,2024-11-04
955,133,Apparel,1,1722.85,2025-05-17
956,133,Apparel,2,1976.9,2025-05-30
957,133,Grocery,4,383.94,2025-09-06
958,133,Sports,1,2033.87,2026-03-04
959,133,Sports,1,3881.04,2026-04-22
960,133,Electronics,3,1832.12,2026-07-01
961,134,Sports,4,960.29,2025-10-11
962,134,Grocery,1,390.35,2026-03-22
963,134,Electronics,3,2031.18,2026-07-08
964,135,Apparel,3,2195.24,2026-04-13
965,135,Electronics,1,1300.48,2026-04-30
966,135,Home & Kitchen,1,1527.53,2026-05-16
967,135,Electronics,3,786.52,2026-06-12
968,135,Beauty,3,1055.77,2026-06-23
969,136,Apparel,4,2775.0,2024-11-18
970,136,Apparel,3,1104.29,2024-11-25
971,136,Sports,1,1336.9,2025-02-25
972,136,Beauty,1,643.86,2025-12-31
973,136,Apparel,1,1587.26,2026-05-14
974,137,Beauty,3,1888.15,2025-05-15
975,137,Electronics,3,807.27,2025-10-23
976,137,Beauty,1,3367.51,2026-01-03
977,137,Home & Kitchen,4,1950.3,2026-02-12
978,137,Grocery,1,701.74,2026-06-14
979,138,Apparel,4,2628.77,2026-07-06
980,139,Beauty,1,2778.59,2026-06-30
981,139,Sports,2,663.86,2026-06-30
982,139,Home & Kitchen,4,1233.26,2026-07-02
983,139,Sports,4,3555.71,2026-07-05
984,139,Apparel,1,3668.24,2026-07-06
985,139,Electronics,4,485.79,2026-07-07
986,139,Electronics,3,3211.97,2026-07-09
987,139,Home & Kitchen,1,3394.54,2026-07-10
988,139,Apparel,1,3288.11,2026-07-12
989,140,Electronics,2,2997.49,2025-02-06
990,140,Grocery,2,2674.09,2025-04-22
991,140,Apparel,1,2978.5,2026-05-09
992,141,Sports,4,3507.33,2024-08-31
993,141,Sports,4,2318.15,2024-11-27
994,141,Electronics,2,1809.42,2025-02-17
995,141,Grocery,2,1145.42,2025-07-04
996,141,Home & Kitchen,2,1559.84,2025-08-22
997,141,Apparel,3,413.84,2026-06-11
998,141,Grocery,1,161.27,2026-06-17
999,142,Sports,2,159.5,2025-12-22
1000,142,Beauty,1,1376.93,2026-04-11
1001,142,Grocery,2,382.87,2026-04-23
1002,142,Electronics,1,3654.42,2026-05-08
1003,142,Sports,2,1124.25,2026-05-11
1004,143,Electronics,4,671.95,2025-03-23
1005,143,Grocery,3,3353.69,2026-02-12
1006,143,Apparel,1,1804.39,2026-02-20
1007,143,Grocery,4,3585.66,2026-03-08
1008,143,Apparel,4,2673.99,2026-06-21
1009,144,Apparel,3,3315.59,2025-07-17
1010,144,Electronics,4,3405.25,2026-06-04
1011,145,Sports,4,3108.64,2025-07-21
1012,145,Grocery,4,1626.89,2025-07-30
1013,145,Beauty,1,3261.47,2025-08-26
1014,145,Grocery,2,3126.69,2025-08-28
1015,145,Beauty,1,284.01,2025-09-23
1016,145,Apparel,3,2783.83,2025-10-17
1017,145,Electronics,3,2198.99,2025-10-25
1018,145,Grocery,3,654.12,2025-12-28
1019,145,Home & Kitchen,1,1495.2,2026-02-28
1020,145,Electronics,3,1108.12,2026-05-04
1021,145,Sports,1,1868.58,2026-05-24
1022,145,Beauty,2,1184.5,2026-06-14
1023,145,Grocery,4,3780.37,2026-06-29
1024,145,Electronics,1,1998.26,2026-07-02
1025,145,Home & Kitchen,1,1444.0,2026-07-25
1026,146,Home & Kitchen,1,633.8,2026-05-02
1027,146,Grocery,3,451.61,2026-05-29
1028,146,Apparel,4,3240.03,2026-07-10
1029,147,Grocery,2,1942.4,2024-09-21
1030,147,Home & Kitchen,2,1258.59,2025-02-09
1031,147,Electronics,2,2641.26,2025-06-01
1032,147,Grocery,1,1777.51,2025-12-19
1033,147,Electronics,1,1490.82,2026-06-13
1034,147,Sports,4,3740.04,2026-07-16
1035,148,Apparel,2,2243.64,2026-01-01
1036,148,Grocery,2,462.08,2026-01-02
1037,148,Beauty,4,2813.31,2026-01-04
1038,148,Sports,4,1329.92,2026-03-17
1039,148,Apparel,2,672.18,2026-03-20
1040,148,Grocery,2,1401.6,2026-04-01
1041,148,Home & Kitchen,1,1168.68,2026-04-24
1042,148,Electronics,2,3453.17,2026-06-17
1043,149,Electronics,2,3409.11,2025-08-26
1044,149,Sports,1,1047.49,2025-08-27
1045,149,Electronics,3,278.53,2025-08-27
1046,149,Electronics,4,3877.63,2025-08-27
1047,149,Home & Kitchen,2,3132.86,2025-09-03
1048,149,Apparel,1,3799.93,2025-09-30
1049,149,Sports,1,172.74,2025-10-14
1050,149,Beauty,1,1915.86,2025-10-14
1051,149,Electronics,1,3924.48,2025-10-16
1052,149,Grocery,3,2340.03,2025-10-21
1053,149,Sports,3,1760.06,2025-11-16
1054,149,Grocery,4,2894.39,2025-11-18
1055,149,Apparel,2,1243.67,2025-12-02
1056,149,Sports,1,1363.42,2026-02-05
1057,149,Home & Kitchen,2,459.73,2026-02-12
1058,149,Grocery,4,1143.23,2026-03-01
1059,149,Electronics,3,404.61,2026-03-08
1060,149,Home & Kitchen,3,2637.16,2026-03-08
1061,149,Electronics,1,3906.13,2026-03-25
1062,149,Grocery,1,1162.18,2026-04-10
1063,149,Home & Kitchen,3,1446.48,2026-04-12
1064,149,Home & Kitchen,4,1067.12,2026-05-15
1065,149,Apparel,2,2815.38,2026-05-20
1066,149,Sports,4,3552.7,2026-06-12
1067,149,Beauty,2,2194.24,2026-07-05
1068,149,Apparel,2,2752.81,2026-07-16
1069,149,Beauty,1,3380.46,2026-07-22
1070,150,Electronics,1,3730.56,2025-01-20
1071,150,Apparel,4,2522.65,2025-03-09
1072,150,Apparel,4,1677.02,2025-05-13
1073,150,Sports,2,1274.64,2026-05-23
1074,151,Grocery,3,2815.42,2026-04-04
1075,152,Beauty,3,1507.37,2026-05-10
1076,152,Home & Kitchen,3,2837.57,2026-05-25
1077,152,Grocery,2,2039.49,2026-06-23
1078,152,Beauty,4,3727.54,2026-06-23
1079,152,Apparel,2,408.11,2026-07-03
1080,152,Sports,4,1871.95,2026-07-09
1081,153,Beauty,4,1683.68,2025-08-07
1082,153,Electronics,2,2614.82,2025-09-18
1083,153,Beauty,2,2873.69,2025-09-29
1084,153,Apparel,3,3008.21,2025-11-16
1085,153,Home & Kitchen,4,2334.68,2025-11-17
1086,153,Electronics,4,3157.31,2026-01-21
1087,153,Beauty,4,225.02,2026-01-23
1088,153,Beauty,1,2593.28,2026-02-04
1089,153,Sports,2,3510.87,2026-03-26
1090,153,Grocery,2,3013.96,2026-04-14
1091,153,Grocery,1,2573.53,2026-05-14
1092,153,Sports,4,3469.07,2026-05-16
1093,153,Home & Kitchen,2,2004.95,2026-05-29
1094,153,Apparel,3,1476.44,2026-06-29
1095,153,Home & Kitchen,2,3863.53,2026-07-12
1096,154,Home & Kitchen,2,2783.11,2026-06-19
1097,155,Beauty,4,474.8,2025-12-13
1098,155,Sports,1,3926.99,2026-01-06
1099,155,Sports,1,2587.31,2026-01-12
1100,155,Electronics,1,2468.99,2026-01-20
1101,155,Grocery,2,3020.57,2026-05-11
1102,155,Beauty,1,1279.71,2026-06-19
1103,156,Grocery,4,248.97,2026-05-18
1104,157,Grocery,4,3176.48,2026-07-01
1105,157,Electronics,4,1213.07,2026-07-02
1106,157,Home & Kitchen,2,2569.43,2026-07-02
1107,157,Electronics,3,3144.38,2026-07-04
1108,157,Beauty,4,1324.13,2026-07-04
1109,157,Sports,1,3004.06,2026-07-05
1110,157,Sports,3,1216.06,2026-07-05
1111,157,Home & Kitchen,1,239.05,2026-07-06
1112,157,Apparel,1,1203.05,2026-07-06
1113,157,Beauty,1,344.65,2026-07-06
1114,157,Beauty,1,1497.22,2026-07-07
1115,157,Grocery,1,945.31,2026-07-08
1116,158,Apparel,1,1186.41,2026-01-17
1117,158,Grocery,3,1718.22,2026-02-01
1118,158,Beauty,1,2986.76,2026-05-23
1119,158,Home & Kitchen,3,3458.9,2026-05-30
1120,158,Home & Kitchen,1,1293.05,2026-06-12
1121,158,Grocery,4,2156.34,2026-07-09
1122,159,Apparel,2,363.64,2025-12-13
1123,159,Sports,2,795.65,2026-07-01
1124,160,Beauty,1,1794.98,2025-01-10
1125,160,Sports,2,3269.7,2025-01-17
1126,160,Grocery,1,3966.99,2025-02-03
1127,160,Apparel,1,1424.94,2025-02-06
1128,160,Apparel,1,3664.48,2025-02-07
1129,160,Grocery,4,410.35,2025-02-15
1130,160,Sports,3,1653.71,2025-03-12
1131,160,Electronics,3,1443.25,2025-03-16
1132,160,Electronics,4,989.3,2025-04-07
1133,160,Grocery,4,1180.48,2025-04-08
1134,160,Grocery,3,1797.01,2025-04-13
1135,160,Grocery,3,2159.79,2025-04-21
1136,160,Beauty,3,411.8,2025-05-13
1137,160,Beauty,1,3887.89,2025-06-08
1138,160,Beauty,2,1523.58,2025-06-13
1139,160,Electronics,1,2635.78,2025-06-16
1140,160,Apparel,4,1700.45,2025-06-22
1141,160,Sports,2,1495.55,2025-07-07
1142,160,Home & Kitchen,1,495.93,2025-07-23
1143,160,Electronics,1,1397.06,2025-07-26
1144,160,Apparel,4,693.81,2025-09-23
1145,160,Electronics,3,947.6,2025-10-20
1146,160,Beauty,1,3372.47,2025-12-08
1147,160,Apparel,1,670.26,2026-01-17
1148,160,Electronics,4,1088.41,2026-01-20
1149,160,Sports,1,3781.28,2026-02-03
1150,160,Grocery,1,3351.86,2026-02-28
1151,160,Apparel,2,2327.8,2026-04-09
1152,160,Home & Kitchen,2,1455.97,2026-05-09
1153,160,Apparel,4,3644.83,2026-06-21
1154,160,Apparel,1,2939.06,2026-06-25
1155,160,Apparel,1,1302.46,2026-07-18
1156,160,Apparel,1,2644.36,2026-07-27
1157,161,Apparel,3,166.58,2025-12-24
1158,161,Electronics,3,3743.17,2026-04-07
1159,161,Apparel,4,2520.93,2026-04-12
1160,161,Apparel,3,3470.72,2026-04-20
1161,161,Sports,1,2430.5,2026-05-26
1162,161,Beauty,4,3032.47,2026-06-27
1163,162,Sports,1,3194.43,2025-02-03
1164,162,Grocery,2,735.33,2025-04-07
1165,162,Sports,4,2630.81,2025-08-02
1166,162,Sports,1,1128.0,2025-10-14
1167,162,Home & Kitchen,3,1055.13,2025-12-25
1168,162,Electronics,1,2644.34,2026-01-23
1169,162,Apparel,3,2867.08,2026-07-20
1170,163,Electronics,2,1444.14,2026-01-22
1171,164,Electronics,4,1003.24,2026-06-06
1172,165,Electronics,3,1573.15,2025-01-12
1173,165,Electronics,3,1787.61,2025-01-17
1174,165,Apparel,4,1911.81,2025-06-04
1175,165,Sports,4,2368.61,2025-07-05
1176,165,Sports,2,3871.93,2025-08-15
1177,165,Beauty,1,3646.46,2025-08-22
1178,165,Home & Kitchen,4,3418.97,2025-10-13
1179,165,Electronics,3,2546.38,2025-11-06
1180,165,Beauty,4,1817.49,2026-03-03
1181,165,Sports,4,3132.31,2026-05-11
1182,165,Electronics,4,1846.71,2026-06-01
1183,165,Home & Kitchen,3,505.23,2026-06-25
1184,165,Electronics,1,563.76,2026-07-10
1185,166,Beauty,3,3647.21,2026-04-15
1186,167,Beauty,1,3156.77,2024-10-01
1187,167,Electronics,1,3897.8,2024-12-06
1188,167,Beauty,2,3455.38,2025-05-27
1189,167,Beauty,2,3750.94,2025-08-21
1190,167,Grocery,2,3711.69,2026-02-11
1191,167,Apparel,2,1875.46,2026-03-17
1192,167,Grocery,3,2284.83,2026-05-19
1193,167,Apparel,3,2829.55,2026-07-10
1194,168,Grocery,4,2461.03,2026-05-20
1195,168,Beauty,2,2058.49,2026-06-23
1196,169,Home & Kitchen,4,796.53,2025-08-17
1197,169,Sports,3,3774.82,2026-05-13
1198,169,Sports,1,3115.03,2026-05-18
1199,169,Electronics,2,377.27,2026-06-13
1200,170,Grocery,2,1465.19,2026-05-03
1201,170,Apparel,2,1303.77,2026-05-11
1202,170,Electronics,1,958.33,2026-05-21
1203,170,Electronics,2,2739.09,2026-05-24
1204,170,Home & Kitchen,2,2931.17,2026-06-03
1205,170,Sports,2,1461.75,2026-06-09
1206,170,Beauty,1,1029.12,2026-06-18
1207,170,Sports,4,1902.32,2026-07-05
1208,170,Home & Kitchen,2,990.62,2026-07-09
1209,171,Sports,1,2823.74,2026-07-07
1210,172,Beauty,4,1079.02,2025-10-31
1211,173,Electronics,2,2730.41,2025-10-07
1212,173,Electronics,4,1461.71,2025-11-20
1213,173,Home & Kitchen,1,629.72,2025-12-02
1214,173,Beauty,3,3593.16,2025-12-17
1215,173,Sports,1,1477.9,2026-01-24
1216,173,Apparel,1,3825.32,2026-03-23
1217,173,Electronics,1,414.13,2026-03-24
1218,173,Sports,4,3996.02,2026-04-18
1219,173,Home & Kitchen,4,591.23,2026-05-17
1220,173,Home & Kitchen,2,2152.1,2026-05-25
1221,173,Home & Kitchen,4,3050.35,2026-06-27
1222,174,Sports,3,3874.52,2026-01-29
1223,174,Sports,4,3372.03,2026-02-27
1224,174,Sports,3,1334.18,2026-03-03
1225,174,Beauty,1,794.81,2026-04-04
1226,174,Sports,3,3125.71,2026-04-06
1227,174,Electronics,4,3669.07,2026-05-13
1228,174,Grocery,2,1437.72,2026-07-24
1229,175,Electronics,4,3794.54,2025-08-14
1230,176,Home & Kitchen,4,3600.46,2025-05-05
1231,176,Sports,4,1274.75,2025-05-23
1232,176,Electronics,2,2396.73,2025-07-25
1233,176,Beauty,4,1084.78,2025-08-04
1234,176,Sports,2,381.66,2025-10-26
1235,176,Electronics,1,1086.96,2025-12-29
1236,177,Electronics,3,1985.5,2026-07-18
1237,178,Beauty,3,419.6,2025-06-23
1238,178,Apparel,2,3973.62,2025-07-04
1239,178,Home & Kitchen,4,3988.79,2025-07-25
1240,178,Grocery,1,1334.68,2025-12-09
1241,179,Sports,3,2923.22,2025-03-21
1242,179,Electronics,3,1682.43,2025-06-30
1243,179,Home & Kitchen,1,2593.28,2025-07-05
1244,180,Apparel,1,2037.17,2025-09-15
1245,181,Electronics,3,668.82,2026-01-18
1246,181,Apparel,1,276.44,2026-01-26
1247,181,Apparel,3,1822.65,2026-03-15
1248,181,Electronics,4,3890.3,2026-03-27
1249,181,Sports,1,1608.67,2026-05-23
1250,182,Electronics,3,1416.94,2024-08-15
1251,182,Home & Kitchen,1,529.8,2025-01-27
1252,182,Home & Kitchen,2,1992.48,2025-05-18
1253,182,Home & Kitchen,3,2331.7,2025-08-10
1254,182,Home & Kitchen,2,2988.46,2025-08-21
1255,182,Home & Kitchen,2,3043.64,2025-09-28
1256,182,Grocery,3,2801.14,2026-05-06
1257,182,Home & Kitchen,3,477.89,2026-07-10
1258,183,Sports,4,2267.15,2026-07-12
1259,183,Sports,4,3286.44,2026-07-13
1260,183,Sports,3,665.1,2026-07-14
1261,183,Grocery,4,2201.61,2026-07-15
1262,183,Apparel,1,2322.73,2026-07-17
1263,183,Home & Kitchen,2,3232.75,2026-07-18
1264,183,Sports,3,1456.02,2026-07-19
1265,183,Grocery,4,3057.26,2026-07-19
1266,183,Sports,3,2563.01,2026-07-20
1267,184,Apparel,3,3977.49,2026-05-05
1268,184,Sports,1,3320.73,2026-07-03
1269,185,Grocery,1,3462.14,2025-09-08
1270,185,Home & Kitchen,2,2863.32,2025-10-11
1271,185,Electronics,1,940.31,2025-10-12
1272,185,Electronics,2,1278.29,2025-11-07
1273,185,Electronics,1,1054.77,2025-11-16
1274,185,Sports,4,2020.43,2025-11-18
1275,186,Grocery,1,813.83,2025-11-27
1276,186,Home & Kitchen,4,2442.88,2026-02-13
1277,186,Sports,3,3422.92,2026-02-15
1278,186,Grocery,3,2019.56,2026-03-15
1279,186,Home & Kitchen,4,3641.7,2026-05-20
1280,186,Grocery,3,3478.61,2026-05-30
1281,186,Home & Kitchen,2,2766.77,2026-06-14
1282,186,Grocery,4,2215.87,2026-07-01
1283,186,Apparel,2,3329.27,2026-07-13
1284,187,Electronics,2,1246.02,2026-01-31
1285,187,Sports,4,2307.36,2026-02-07
1286,187,Grocery,2,3194.03,2026-02-18
1287,187,Electronics,4,2618.99,2026-02-27
1288,187,Apparel,3,3467.4,2026-05-15
1289,187,Beauty,2,3984.13,2026-05-24
1290,187,Electronics,1,324.38,2026-06-24
1291,187,Grocery,4,821.35,2026-06-24
1292,187,Beauty,2,2125.39,2026-07-05
1293,187,Home & Kitchen,1,1781.55,2026-07-18
1294,188,Electronics,1,1424.0,2025-08-29
1295,188,Grocery,2,972.36,2025-09-01
1296,188,Electronics,3,759.64,2025-09-18
1297,188,Beauty,3,837.4,2025-09-20
1298,188,Grocery,4,785.37,2025-10-13
1299,188,Electronics,2,3536.43,2025-10-16
1300,188,Home & Kitchen,1,1961.43,2025-10-18
1301,188,Beauty,4,3193.38,2025-10-29
1302,188,Beauty,3,3240.31,2025-11-26
1303,188,Home & Kitchen,1,3029.46,2025-12-24
1304,188,Apparel,3,2993.81,2026-01-05
1305,188,Home & Kitchen,2,404.02,2026-01-06
1306,188,Beauty,3,288.96,2026-01-17
1307,188,Sports,1,2425.44,2026-01-20
1308,188,Apparel,2,371.56,2026-03-12
1309,188,Beauty,1,1478.19,2026-05-13
1310,188,Beauty,3,1429.53,2026-05-18
1311,188,Grocery,1,469.0,2026-05-23
1312,188,Home & Kitchen,3,315.44,2026-06-05
1313,188,Sports,3,1419.03,2026-06-09
1314,188,Electronics,2,3713.16,2026-06-13
1315,188,Grocery,3,3634.01,2026-06-13
1316,188,Sports,3,3357.69,2026-07-11
1317,188,Electronics,2,1261.77,2026-07-24
1318,189,Grocery,1,3733.98,2025-07-13
1319,189,Grocery,3,3210.57,2026-02-05
1320,189,Apparel,1,506.99,2026-05-16
1321,190,Electronics,3,222.99,2025-10-05
1322,190,Grocery,2,1145.5,2025-10-08
1323,190,Apparel,1,3852.52,2026-06-04
1324,191,Grocery,4,2867.74,2026-02-27
1325,192,Sports,2,3556.42,2026-02-10
1326,192,Grocery,2,2759.13,2026-02-14
1327,192,Grocery,4,2541.15,2026-02-28
1328,192,Home & Kitchen,1,1379.58,2026-03-05
1329,192,Beauty,4,327.11,2026-04-06
1330,192,Electronics,1,2529.45,2026-04-12
1331,192,Beauty,4,3308.64,2026-04-25
1332,192,Home & Kitchen,3,2853.55,2026-05-05
1333,192,Electronics,2,386.35,2026-05-18
1334,192,Apparel,3,429.46,2026-05-25
1335,192,Home & Kitchen,4,654.87,2026-05-31
1336,192,Home & Kitchen,1,3996.99,2026-06-03
1337,192,Apparel,1,2390.4,2026-07-17
1338,193,Grocery,1,3398.21,2025-09-18
1339,193,Beauty,1,180.45,2026-02-03
1340,193,Electronics,2,384.61,2026-06-23
1341,193,Grocery,3,2184.63,2026-07-07
1342,194,Home & Kitchen,3,1011.0,2024-10-22
1343,194,Electronics,4,3816.44,2025-09-23
1344,194,Sports,2,3210.77,2026-01-04
1345,194,Apparel,3,1219.12,2026-03-21
1346,194,Beauty,1,3032.83,2026-05-31
1347,195,Sports,4,1525.21,2026-06-21
1348,195,Home & Kitchen,1,1378.81,2026-06-28
1349,196,Sports,1,3845.67,2025-05-12
1350,196,Electronics,3,3360.23,2025-08-20
1351,196,Apparel,4,3099.29,2025-08-31
1352,196,Home & Kitchen,3,487.38,2025-10-22
1353,196,Grocery,3,3528.72,2026-07-18
1354,196,Apparel,3,2885.78,2026-07-24
1355,197,Sports,2,2521.2,2026-03-06
1356,197,Home & Kitchen,2,1060.2,2026-03-24
1357,197,Sports,4,2779.11,2026-04-08
1358,197,Home & Kitchen,2,514.77,2026-04-16
1359,197,Beauty,1,3625.56,2026-05-16
1360,198,Beauty,3,804.1,2025-10-05
1361,199,Sports,2,3243.37,2026-05-23
1362,199,Apparel,3,604.82,2026-05-24
1363,199,Electronics,1,3270.69,2026-05-27
1364,199,Grocery,4,436.05,2026-05-30
1365,199,Electronics,3,2895.2,2026-05-30
1366,199,Electronics,2,391.74,2026-06-07
1367,199,Home & Kitchen,2,3749.13,2026-06-07
1368,199,Electronics,3,971.5,2026-06-15
1369,199,Beauty,4,2720.2,2026-06-20
1370,200,Beauty,2,1458.83,2024-10-16
1371,200,Sports,2,1100.71,2024-11-12
1372,200,Apparel,1,3629.56,2025-01-12
1373,200,Sports,4,1694.58,2025-01-14
1374,200,Apparel,3,3904.83,2025-01-27
1375,200,Grocery,4,3859.75,2025-02-02
1376,200,Beauty,1,2128.65,2025-03-28
1377,200,Home & Kitchen,3,3564.86,2025-04-08
1378,200,Beauty,1,1482.08,2025-04-09
1379,200,Sports,3,3787.44,2025-04-22
1380,200,Home & Kitchen,4,3237.92,2025-05-28
1381,200,Home & Kitchen,4,3355.18,2025-06-06
1382,200,Home & Kitchen,1,154.76,2025-06-26
1383,200,Grocery,3,1828.41,2025-07-16
1384,200,Grocery,1,3842.08,2025-07-24
1385,200,Apparel,3,668.07,2025-08-20
1386,200,Sports,4,2110.3,2025-08-23
1387,200,Sports,3,1571.23,2025-08-26
1388,200,Sports,1,167.59,2025-09-16
1389,200,Beauty,2,1431.11,2025-11-19
1390,200,Apparel,3,1306.88,2025-11-25
1391,200,Electronics,3,2059.39,2025-12-21
1392,200,Apparel,4,2978.04,2025-12-30
1393,200,Home & Kitchen,2,3851.7,2026-01-03
1394,200,Beauty,3,1138.35,2026-02-16
1395,200,Beauty,3,1838.24,2026-02-26
1396,200,Home & Kitchen,1,1429.81,2026-03-31
1397,200,Electronics,4,2224.42,2026-05-02
1398,200,Electronics,3,2241.43,2026-05-05
1399,200,Grocery,1,175.27,2026-06-23
1400,200,Apparel,4,3888.11,2026-06-30
1401,200,Electronics,2,399.48,2026-07-25
1402,201,Apparel,1,1700.41,2025-06-11
1403,201,Beauty,1,2238.87,2026-01-08
1404,201,Sports,4,1072.75,2026-03-02
1405,201,Electronics,1,685.61,2026-07-04
1406,202,Home & Kitchen,1,2176.63,2026-07-06
1407,203,Beauty,1,2730.21,2026-02-14
1408,204,Beauty,1,1812.28,2025-11-12
1409,205,Grocery,4,3540.35,2026-01-07
1410,205,Grocery,1,3336.79,2026-01-07
1411,205,Apparel,1,1454.9,2026-01-08
1412,205,Grocery,4,3771.17,2026-01-13
1413,205,Beauty,2,2852.61,2026-01-14
1414,205,Apparel,2,3417.51,2026-01-21
1415,205,Beauty,2,944.24,2026-01-24
1416,206,Grocery,3,2297.53,2025-10-28
1417,207,Home & Kitchen,4,3783.74,2024-12-03
1418,207,Beauty,3,592.79,2025-10-16
1419,207,Home & Kitchen,1,488.29,2026-04-11
1420,207,Home & Kitchen,2,3072.14,2026-06-14
1421,208,Home & Kitchen,2,2838.81,2025-08-09
1422,208,Electronics,4,2166.27,2025-08-18
1423,208,Apparel,1,1195.75,2025-08-27
1424,208,Home & Kitchen,2,3177.32,2025-09-06
1425,208,Apparel,3,3417.29,2025-10-25
1426,208,Sports,2,3508.91,2026-01-02
1427,208,Home & Kitchen,2,3937.65,2026-01-02
1428,208,Grocery,3,3611.95,2026-01-08
1429,208,Grocery,1,1651.96,2026-03-29
1430,208,Beauty,3,3836.76,2026-05-09
1431,208,Beauty,1,2650.13,2026-06-16
1432,208,Grocery,2,2707.75,2026-07-21
1433,209,Home & Kitchen,1,2720.92,2026-06-30
1434,210,Grocery,3,3487.1,2026-04-25
1435,211,Beauty,2,3881.42,2026-02-02
1436,212,Electronics,2,748.4,2025-08-01
1437,212,Sports,2,3779.56,2026-06-09
1438,213,Electronics,4,2289.2,2025-11-24
1439,214,Electronics,4,299.28,2025-10-24
1440,214,Electronics,3,199.6,2025-12-18
1441,214,Beauty,4,1563.63,2025-12-18
1442,214,Home & Kitchen,1,2385.24,2025-12-24
1443,214,Home & Kitchen,2,3142.94,2026-02-18
1444,214,Apparel,3,3609.07,2026-04-02
1445,214,Home & Kitchen,2,3524.08,2026-06-16
1446,214,Home & Kitchen,4,2870.96,2026-07-18
1447,215,Grocery,2,2637.74,2025-07-05
1448,215,Beauty,2,474.97,2025-09-19
1449,215,Beauty,4,2637.61,2026-04-01
1450,215,Grocery,1,433.85,2026-05-19
1451,215,Beauty,2,1400.3,2026-05-23
1452,216,Apparel,1,525.63,2026-02-10
1453,216,Home & Kitchen,1,204.4,2026-06-27
1454,217,Sports,2,871.83,2026-04-20
1455,217,Home & Kitchen,1,864.27,2026-05-01
1456,217,Grocery,4,3283.7,2026-05-22
1457,217,Beauty,3,2511.18,2026-06-13
1458,217,Sports,3,3314.4,2026-06-19
1459,217,Home & Kitchen,1,3238.81,2026-06-27
1460,217,Beauty,3,1220.31,2026-06-29
1461,217,Home & Kitchen,2,809.77,2026-07-11
1462,217,Beauty,3,3879.23,2026-07-12
1463,217,Home & Kitchen,4,790.9,2026-07-14
1464,217,Home & Kitchen,1,1234.63,2026-07-21
1465,218,Sports,3,687.48,2025-04-27
1466,218,Home & Kitchen,4,1265.43,2025-05-16
1467,218,Beauty,2,1256.06,2025-06-04
1468,218,Apparel,4,1333.43,2025-07-24
1469,218,Apparel,2,756.78,2025-08-25
1470,218,Electronics,2,948.43,2025-08-26
1471,218,Sports,2,1729.59,2025-11-25
1472,218,Electronics,4,1031.95,2025-11-28
1473,218,Grocery,4,2397.85,2025-12-23
1474,218,Apparel,2,1569.29,2026-03-13
1475,218,Home & Kitchen,3,3020.61,2026-06-07
1476,218,Beauty,2,1072.54,2026-07-20
1477,219,Sports,3,1492.24,2026-05-18
1478,219,Electronics,1,3491.57,2026-05-20
1479,219,Electronics,1,3186.06,2026-06-12
1480,219,Beauty,4,3874.64,2026-06-26
1481,219,Home & Kitchen,1,750.82,2026-07-08
1482,219,Sports,1,1383.81,2026-07-09
1483,219,Electronics,4,2628.19,2026-07-11
1484,219,Beauty,1,556.47,2026-07-20
1485,220,Home & Kitchen,4,2411.37,2025-08-24
1486,220,Grocery,2,1280.42,2026-05-20
1487,221,Home & Kitchen,2,1593.87,2025-09-10
1488,221,Electronics,1,3024.9,2025-09-24
1489,221,Home & Kitchen,4,1103.39,2025-10-01
1490,221,Sports,2,1702.03,2026-01-06
1491,221,Electronics,4,3305.11,2026-02-08
1492,221,Electronics,1,1588.03,2026-07-02
1493,221,Apparel,4,2321.1,2026-07-05
1494,222,Grocery,3,591.66,2026-02-03
1495,222,Grocery,4,1100.57,2026-02-14
1496,222,Home & Kitchen,2,2210.97,2026-03-24
1497,222,Sports,4,1615.2,2026-06-26
1498,223,Electronics,2,581.62,2026-02-20
1499,224,Sports,2,3692.41,2026-05-29
1500,224,Electronics,2,2916.77,2026-06-08
1501,224,Grocery,2,1790.29,2026-06-18
1502,224,Grocery,2,1824.55,2026-06-21
1503,225,Sports,1,219.58,2026-07-30
1504,226,Grocery,1,902.14,2024-12-10
1505,226,Grocery,1,1861.81,2025-01-09
1506,226,Sports,2,2685.15,2025-04-10
1507,226,Grocery,2,2278.3,2025-09-16
1508,226,Apparel,2,2841.6,2026-01-04
1509,227,Beauty,2,1700.2,2025-06-29
1510,227,Apparel,3,1073.1,2025-07-04
1511,227,Grocery,3,2032.32,2025-09-18
1512,227,Beauty,3,2729.9,2025-11-08
1513,227,Sports,1,3252.46,2025-11-20
1514,227,Home & Kitchen,3,2718.84,2025-12-12
1515,227,Apparel,3,1507.27,2025-12-25
1516,227,Apparel,4,423.9,2026-01-13
1517,227,Beauty,1,3849.11,2026-05-09
1518,227,Sports,3,1949.86,2026-06-08
1519,227,Beauty,2,1699.39,2026-06-25
1520,227,Apparel,1,1003.65,2026-07-12
1521,227,Apparel,1,3542.1,2026-07-13
1522,228,Home & Kitchen,1,1272.82,2026-06-10
1523,229,Home & Kitchen,1,2987.54,2025-03-08
1524,229,Grocery,2,3483.26,2025-03-22
1525,229,Sports,1,1230.56,2025-04-25
1526,229,Grocery,4,3373.33,2025-05-13
1527,229,Electronics,4,2154.45,2025-05-24
1528,229,Grocery,3,3741.52,2025-06-01
1529,229,Beauty,3,486.52,2025-06-10
1530,229,Sports,1,160.14,2025-06-30
1531,229,Sports,1,254.78,2025-10-12
1532,229,Sports,2,2524.09,2025-10-21
1533,229,Home & Kitchen,4,1723.41,2025-10-23
1534,229,Electronics,1,3649.37,2025-11-09
1535,229,Electronics,4,3913.13,2025-12-09
1536,229,Home & Kitchen,1,2424.67,2025-12-10
1537,229,Electronics,3,2206.96,2026-01-07
1538,229,Sports,1,3694.76,2026-01-28
1539,229,Beauty,3,292.99,2026-02-03
1540,229,Electronics,2,2950.21,2026-02-11
1541,229,Beauty,1,3139.4,2026-02-15
1542,229,Beauty,1,1815.87,2026-03-04
1543,229,Electronics,2,641.57,2026-03-19
1544,229,Grocery,4,1461.07,2026-03-28
1545,229,Apparel,4,3581.28,2026-04-08
1546,229,Beauty,2,171.42,2026-04-26
1547,229,Apparel,3,1056.53,2026-04-26
1548,229,Beauty,4,784.41,2026-05-12
1549,229,Home & Kitchen,3,248.85,2026-07-01
1550,229,Home & Kitchen,2,907.67,2026-07-05
1551,229,Home & Kitchen,4,2456.64,2026-07-06
1552,229,Beauty,3,466.9,2026-07-11
1553,229,Apparel,2,3585.98,2026-07-20
1554,229,Grocery,3,3066.89,2026-07-25
1555,230,Electronics,1,482.17,2024-07-29
1556,230,Home & Kitchen,4,2891.47,2024-12-01
1557,230,Beauty,3,2133.15,2025-01-13
1558,230,Apparel,2,437.51,2025-05-23
1559,230,Apparel,2,1506.73,2025-07-23
1560,230,Grocery,4,864.35,2026-02-18
1561,230,Grocery,4,2564.73,2026-05-04
1562,230,Apparel,4,818.55,2026-07-06
1563,231,Sports,3,1125.79,2025-09-27
1564,231,Apparel,4,2402.61,2025-10-06
1565,231,Sports,1,2784.75,2025-10-10
1566,231,Electronics,3,2339.4,2025-10-11
1567,231,Electronics,2,3102.4,2025-10-14
1568,231,Sports,3,2417.87,2025-10-20
1569,232,Beauty,3,1905.67,2026-01-31
1570,232,Sports,3,765.06,2026-02-17
1571,232,Electronics,3,1857.21,2026-03-01
1572,232,Apparel,3,2118.28,2026-03-08
1573,232,Sports,3,2974.2,2026-03-17
1574,232,Beauty,1,1046.84,2026-04-08
1575,232,Grocery,1,370.68,2026-04-29
1576,232,Home & Kitchen,3,3047.39,2026-05-03
1577,232,Grocery,4,683.45,2026-05-06
1578,232,Beauty,1,3396.62,2026-05-10
1579,232,Grocery,2,1367.03,2026-05-17
1580,232,Apparel,1,2725.62,2026-05-21
1581,232,Beauty,4,548.45,2026-06-15
1582,232,Sports,3,1921.55,2026-07-21
1583,232,Beauty,3,2068.76,2026-07-25
1584,232,Electronics,2,629.59,2026-07-29
1585,233,Electronics,1,2815.23,2026-06-24
1586,234,Grocery,1,1332.74,2026-03-09
1587,235,Apparel,4,2245.63,2025-12-02
1588,235,Sports,1,2500.66,2026-01-17
1589,235,Home & Kitchen,1,1686.24,2026-01-25
1590,235,Grocery,3,2657.24,2026-05-18
1591,236,Sports,4,1345.35,2025-09-13
1592,237,Electronics,2,915.63,2026-04-13
1593,237,Grocery,3,1840.23,2026-04-20
1594,237,Grocery,3,3091.75,2026-05-16
1595,237,Apparel,2,2231.99,2026-06-08
1596,238,Home & Kitchen,4,406.34,2025-06-22
1597,238,Home & Kitchen,3,499.99,2025-09-19
1598,238,Grocery,3,3419.8,2025-09-28
1599,238,Electronics,3,609.9,2025-11-23
1600,238,Home & Kitchen,2,901.24,2025-12-07
1601,238,Electronics,3,2885.69,2026-01-29
1602,238,Apparel,3,1522.01,2026-02-08
1603,238,Electronics,3,951.28,2026-04-27
1604,238,Grocery,4,3762.44,2026-05-07
1605,238,Apparel,1,2320.4,2026-05-18
1606,238,Sports,3,1039.14,2026-06-11
1607,238,Apparel,1,158.1,2026-06-30
1608,239,Apparel,2,352.42,2026-04-06
1609,239,Beauty,2,1809.95,2026-04-15
1610,239,Beauty,2,2013.33,2026-04-16
1611,239,Apparel,2,3467.82,2026-05-23
1612,240,Home & Kitchen,4,3582.67,2026-03-26
1613,240,Apparel,1,1521.09,2026-03-28
1614,240,Sports,2,1711.19,2026-04-20
1615,240,Beauty,1,867.19,2026-04-21
1616,240,Home & Kitchen,3,2925.86,2026-04-26
1617,240,Beauty,3,2737.24,2026-05-10
1618,240,Sports,3,183.02,2026-05-30
1619,240,Apparel,1,1445.97,2026-07-08
1620,241,Sports,2,1200.21,2026-07-08
1621,241,Home & Kitchen,4,3661.88,2026-07-09
1622,241,Apparel,1,2832.76,2026-07-09
1623,241,Home & Kitchen,3,3926.23,2026-07-10
1624,241,Beauty,4,566.47,2026-07-10
1625,241,Home & Kitchen,4,3700.48,2026-07-10
1626,241,Home & Kitchen,4,346.71,2026-07-11
1627,241,Grocery,2,419.26,2026-07-11
1628,241,Grocery,1,3118.19,2026-07-14
1629,241,Grocery,2,2967.1,2026-07-15
1630,241,Home & Kitchen,2,1512.56,2026-07-15
1631,241,Home & Kitchen,3,803.63,2026-07-16
1632,242,Grocery,2,2433.8,2024-08-21
1633,242,Sports,4,1841.27,2024-09-16
1634,242,Sports,4,2106.03,2024-10-02
1635,242,Home & Kitchen,3,2490.93,2025-03-26
1636,242,Apparel,1,978.86,2025-05-05
1637,242,Grocery,1,2210.13,2025-08-21
1638,242,Electronics,3,2873.95,2025-09-20
1639,242,Home & Kitchen,1,1434.85,2025-11-11
1640,242,Sports,1,2667.55,2025-12-20
1641,242,Grocery,2,1200.51,2026-01-08
1642,242,Electronics,1,3803.96,2026-02-05
1643,242,Beauty,2,3965.81,2026-06-29
1644,243,Apparel,1,2906.22,2026-04-20
1645,244,Home & Kitchen,1,3792.95,2025-10-30
1646,244,Sports,3,3773.22,2025-11-29
1647,244,Apparel,2,1858.85,2026-01-20
1648,244,Electronics,1,1093.77,2026-01-22
1649,244,Apparel,4,3047.74,2026-05-17
1650,244,Apparel,3,2001.8,2026-06-20
1651,245,Electronics,2,2347.81,2025-09-14
1652,245,Beauty,3,3032.9,2026-01-13
1653,245,Grocery,4,3715.46,2026-02-24
1654,245,Grocery,3,1161.72,2026-02-25
1655,245,Home & Kitchen,1,3178.07,2026-02-26
1656,245,Sports,4,3207.1,2026-07-08
1657,246,Beauty,3,3605.35,2026-02-23
1658,247,Home & Kitchen,4,1299.24,2026-06-24
1659,247,Apparel,2,3513.17,2026-06-24
1660,247,Home & Kitchen,4,3798.15,2026-06-25
1661,247,Home & Kitchen,4,3416.24,2026-06-25
1662,247,Electronics,4,2498.18,2026-06-26
1663,247,Electronics,1,218.22,2026-06-27
1664,247,Sports,4,3077.15,2026-06-27
1665,247,Beauty,3,2383.34,2026-06-27
1666,247,Grocery,3,2915.95,2026-06-28
1667,247,Beauty,3,2685.46,2026-06-28
1668,247,Electronics,1,2206.53,2026-06-29
1669,247,Grocery,3,2339.45,2026-06-29
1670,247,Apparel,2,637.99,2026-06-30
1671,248,Beauty,4,3620.09,2025-08-01
1672,248,Apparel,3,756.82,2025-08-06
1673,248,Electronics,4,3128.56,2025-08-06
1674,248,Beauty,3,1967.18,2025-09-05
1675,248,Apparel,3,1286.5,2025-09-06
1676,248,Home & Kitchen,4,2329.42,2025-09-15
1677,248,Apparel,1,712.02,2025-09-17
1678,248,Electronics,3,622.15,2025-10-01
1679,249,Grocery,3,1511.22,2024-11-04
1680,249,Home & Kitchen,3,3595.02,2025-01-26
1681,249,Electronics,4,3468.86,2025-04-10
1682,249,Grocery,2,2758.14,2025-07-04
1683,249,Grocery,2,2178.61,2025-10-02
1684,249,Electronics,2,3220.02,2025-10-21
1685,249,Sports,1,1325.02,2025-10-29
1686,249,Grocery,3,2909.76,2025-12-29
1687,249,Apparel,1,3476.13,2026-01-05
1688,250,Grocery,4,929.49,2026-04-24
1689,250,Beauty,1,3356.48,2026-05-16
1690,251,Apparel,1,2748.88,2024-12-31
1691,251,Electronics,3,1513.91,2025-05-01
1692,251,Home & Kitchen,4,2112.29,2025-05-21
1693,251,Electronics,3,1669.37,2025-09-10
1694,251,Grocery,2,1532.1,2026-06-05
1695,252,Sports,4,2609.98,2025-03-21
1696,252,Beauty,1,1763.7,2025-04-26
1697,252,Home & Kitchen,2,203.55,2025-04-27
1698,252,Beauty,4,3677.27,2025-08-16
1699,252,Electronics,1,2276.15,2025-08-19
1700,252,Grocery,2,965.51,2026-04-24
1701,252,Home & Kitchen,2,356.13,2026-06-24
1702,253,Beauty,4,2583.61,2024-12-21
1703,253,Grocery,3,2903.79,2024-12-31
1704,253,Home & Kitchen,3,3648.06,2025-01-19
1705,253,Grocery,4,3941.0,2025-02-14
1706,253,Sports,3,1349.81,2025-02-16
1707,253,Beauty,2,2514.83,2025-04-08
1708,253,Sports,3,2696.15,2025-06-03
1709,253,Beauty,1,3434.56,2025-06-08
1710,253,Electronics,1,1000.41,2025-06-18
1711,253,Home & Kitchen,3,702.66,2025-07-01
1712,253,Apparel,3,3959.75,2025-07-26
1713,253,Apparel,3,1672.44,2025-09-02
1714,253,Apparel,2,468.75,2025-09-12
1715,253,Beauty,1,3021.22,2025-11-02
1716,253,Grocery,1,2503.71,2025-11-19
1717,253,Grocery,1,2317.78,2025-11-22
1718,253,Beauty,1,944.8,2025-11-25
1719,253,Grocery,2,3823.34,2025-12-06
1720,253,Home & Kitchen,1,2833.04,2025-12-19
1721,253,Home & Kitchen,4,1404.97,2026-01-02
1722,253,Home & Kitchen,2,186.82,2026-01-17
1723,253,Home & Kitchen,2,3275.66,2026-02-04
1724,253,Apparel,3,2646.31,2026-03-07
1725,253,Electronics,1,752.51,2026-03-28
1726,253,Beauty,2,1088.83,2026-04-07
1727,253,Sports,4,1476.51,2026-04-29
1728,253,Sports,2,3802.17,2026-05-05
1729,253,Home & Kitchen,1,2020.09,2026-05-16
1730,253,Beauty,3,2517.08,2026-06-17
1731,253,Electronics,3,396.23,2026-07-17
1732,254,Home & Kitchen,2,3907.97,2024-12-13
1733,254,Grocery,1,2544.72,2025-01-08
1734,254,Home & Kitchen,4,3653.37,2025-03-06
1735,254,Grocery,1,1963.6,2025-03-14
1736,254,Sports,2,2844.84,2025-03-18
1737,254,Home & Kitchen,1,831.19,2025-03-22
1738,254,Apparel,2,653.24,2025-04-17
1739,254,Grocery,3,1226.1,2025-06-21
1740,254,Apparel,2,1210.05,2025-07-04
1741,254,Electronics,2,1325.25,2025-07-18
1742,254,Home & Kitchen,2,2879.35,2025-08-31
1743,254,Home & Kitchen,1,2793.69,2025-09-22
1744,254,Home & Kitchen,2,510.25,2025-10-13
1745,254,Apparel,1,3616.9,2025-10-14
1746,254,Sports,1,1213.65,2025-12-25
1747,254,Electronics,4,455.95,2025-12-26
1748,254,Grocery,1,1184.89,2026-01-10
1749,254,Electronics,4,595.66,2026-01-14
1750,254,Grocery,4,611.58,2026-01-17
1751,254,Grocery,3,3127.05,2026-01-25
1752,254,Sports,3,2103.76,2026-03-09
1753,254,Sports,2,1122.8,2026-03-31
1754,254,Grocery,4,1704.78,2026-06-07
1755,254,Electronics,3,2392.48,2026-06-11
1756,254,Grocery,4,1089.61,2026-06-30
1757,254,Home & Kitchen,1,3611.67,2026-07-30
1758,255,Grocery,1,313.31,2026-05-24
1759,255,Sports,3,154.21,2026-06-02
1760,255,Sports,2,2609.1,2026-06-12
1761,255,Beauty,3,3051.85,2026-06-17
1762,255,Grocery,4,616.01,2026-06-19
1763,255,Home & Kitchen,1,2425.99,2026-06-20
1764,255,Sports,3,3789.61,2026-06-22
1765,255,Apparel,4,828.85,2026-06-23
1766,255,Electronics,1,767.7,2026-06-26
1767,255,Sports,2,958.04,2026-06-28
1768,255,Beauty,1,1721.13,2026-07-04
1769,255,Beauty,4,2487.75,2026-07-06
1770,256,Grocery,3,675.21,2025-09-16
1771,256,Grocery,4,3319.89,2025-11-08
1772,256,Beauty,1,1017.2,2026-04-20
1773,256,Home & Kitchen,2,3120.82,2026-06-01
1774,257,Electronics,2,3051.45,2024-12-01
1775,257,Beauty,1,2344.45,2025-01-27
1776,257,Grocery,3,3889.17,2025-02-07
1777,257,Home & Kitchen,2,1920.87,2025-07-03
1778,257,Electronics,2,652.62,2025-08-04
1779,257,Sports,4,1557.34,2025-11-09
1780,258,Apparel,3,948.3,2025-01-24
1781,258,Electronics,4,2598.03,2025-02-10
1782,258,Beauty,2,2056.06,2025-05-27
1783,258,Electronics,4,3373.53,2026-05-30
1784,258,Electronics,4,2520.19,2026-06-02
1785,259,Sports,4,2615.07,2025-05-05
1786,259,Apparel,3,2823.69,2025-05-21
1787,259,Electronics,1,2430.09,2025-06-15
1788,259,Beauty,1,1965.77,2025-07-31
1789,259,Sports,3,3666.63,2025-08-09
1790,260,Sports,3,2517.74,2026-06-26
1791,261,Apparel,4,1430.64,2025-03-13
1792,261,Electronics,1,1727.14,2025-04-06
1793,261,Sports,1,1325.11,2025-04-18
1794,261,Electronics,1,845.53,2025-05-08
1795,261,Grocery,3,2450.99,2025-07-13
1796,261,Home & Kitchen,4,3939.26,2025-08-10
1797,261,Sports,1,3761.58,2026-01-09
1798,261,Sports,4,2316.93,2026-01-15
1799,261,Sports,4,2122.8,2026-01-25
1800,261,Grocery,1,630.88,2026-02-08
1801,261,Electronics,2,2830.75,2026-02-15
1802,261,Electronics,3,2780.37,2026-04-21
1803,261,Grocery,1,1104.6,2026-07-03
1804,262,Electronics,3,1812.98,2026-06-21
1805,263,Sports,4,319.28,2026-05-01
1806,263,Home & Kitchen,1,1837.19,2026-05-10
1807,263,Sports,4,2326.16,2026-05-12
1808,263,Sports,3,3812.46,2026-05-17
1809,263,Apparel,2,848.55,2026-05-22
1810,263,Grocery,2,2319.11,2026-06-22
1811,263,Beauty,1,298.64,2026-06-26
1812,263,Grocery,3,3956.72,2026-06-30
1813,263,Grocery,4,1598.35,2026-07-18
1814,264,Electronics,3,2167.57,2025-09-09
1815,264,Sports,3,1920.69,2025-09-17
1816,264,Home & Kitchen,3,1923.7,2025-09-27
1817,264,Electronics,4,584.97,2025-10-01
1818,264,Sports,4,3018.63,2025-10-15
1819,264,Apparel,1,2918.0,2025-10-25
1820,264,Electronics,2,2102.31,2025-11-17
1821,264,Electronics,3,2980.5,2025-11-23
1822,264,Home & Kitchen,2,2597.65,2025-12-22
1823,264,Sports,1,422.43,2025-12-30
1824,264,Home & Kitchen,3,3955.86,2026-01-15
1825,264,Beauty,1,3656.23,2026-01-29
1826,264,Grocery,2,2665.06,2026-02-15
1827,264,Home & Kitchen,2,2811.5,2026-02-21
1828,264,Electronics,2,3210.55,2026-02-24
1829,264,Grocery,2,1431.63,2026-04-02
1830,264,Apparel,3,555.7,2026-04-03
1831,264,Grocery,4,2488.26,2026-04-13
1832,264,Sports,4,835.67,2026-04-17
1833,264,Home & Kitchen,3,925.98,2026-05-06
1834,264,Sports,1,1855.45,2026-05-19
1835,264,Home & Kitchen,2,2298.68,2026-05-28
1836,264,Electronics,2,903.24,2026-06-06
1837,264,Beauty,3,1174.41,2026-07-02
1838,264,Sports,2,3158.05,2026-07-06
1839,264,Sports,3,2949.14,2026-07-17
1840,264,Apparel,4,3432.39,2026-07-22
1841,265,Apparel,4,2152.0,2026-07-20
1842,266,Sports,1,2922.76,2025-07-26
1843,266,Apparel,2,2814.06,2025-09-16
1844,266,Grocery,3,2531.23,2025-12-05
1845,266,Grocery,1,2317.93,2025-12-13
1846,266,Beauty,2,2901.36,2026-05-06
1847,266,Beauty,3,2084.8,2026-06-27
1848,266,Sports,3,702.36,2026-07-04
1849,267,Electronics,4,2314.44,2025-02-18
1850,267,Grocery,1,2238.54,2025-03-06
1851,267,Grocery,4,2760.55,2025-04-01
1852,267,Grocery,4,285.09,2025-06-20
1853,267,Home & Kitchen,4,3702.17,2025-09-25
1854,267,Apparel,3,3704.63,2026-02-27
1855,267,Sports,1,1555.9,2026-04-23
1856,267,Beauty,1,2729.05,2026-06-04
1857,267,Sports,4,3736.09,2026-06-24
1858,268,Sports,4,916.15,2025-02-15
1859,268,Apparel,3,483.52,2025-02-27
1860,268,Home & Kitchen,4,187.41,2025-03-03
1861,268,Grocery,4,2326.45,2025-03-31
1862,268,Home & Kitchen,4,2726.32,2025-05-24
1863,268,Apparel,3,1836.95,2025-08-18
1864,268,Grocery,1,1253.21,2025-08-27
1865,268,Electronics,1,1182.59,2025-09-05
1866,268,Beauty,3,2273.67,2025-10-23
1867,268,Home & Kitchen,3,2186.23,2025-11-10
1868,268,Sports,4,3423.28,2025-11-27
1869,268,Apparel,2,2293.73,2026-02-03
1870,268,Sports,4,1180.24,2026-03-01
1871,268,Electronics,3,2643.69,2026-03-23
1872,268,Electronics,3,2292.02,2026-05-31
1873,268,Sports,3,1595.23,2026-06-08
1874,268,Home & Kitchen,4,2333.68,2026-07-29
1875,269,Beauty,3,3689.37,2025-06-26
1876,269,Beauty,3,2161.62,2025-10-26
1877,269,Sports,2,1788.38,2026-06-18
1878,270,Home & Kitchen,3,3465.83,2026-06-24
1879,271,Grocery,3,340.23,2025-01-04
1880,271,Sports,1,737.16,2025-01-29
1881,271,Beauty,1,1582.82,2025-03-03
1882,271,Home & Kitchen,1,1204.53,2025-03-04
1883,271,Sports,1,3770.09,2025-04-10
1884,271,Beauty,4,2899.18,2025-04-11
1885,271,Grocery,1,3148.44,2025-06-03
1886,271,Grocery,4,686.07,2025-06-11
1887,271,Sports,1,1837.04,2025-06-29
1888,271,Sports,3,3867.31,2025-07-24
1889,271,Electronics,3,957.54,2025-08-05
1890,271,Apparel,4,3633.41,2025-09-14
1891,271,Electronics,4,1902.11,2025-10-24
1892,271,Sports,2,2452.67,2025-11-01
1893,271,Apparel,3,184.96,2026-01-13
1894,271,Sports,2,3894.25,2026-01-18
1895,271,Beauty,3,1835.5,2026-01-30
1896,271,Apparel,1,1716.52,2026-01-31
1897,271,Sports,4,3458.26,2026-02-28
1898,271,Apparel,1,2640.86,2026-03-03
1899,271,Apparel,2,2768.31,2026-03-31
1900,271,Electronics,1,3166.59,2026-05-09
1901,271,Apparel,2,3689.52,2026-05-29
1902,271,Apparel,4,3451.36,2026-06-14
1903,271,Home & Kitchen,4,2726.78,2026-06-14
1904,271,Apparel,1,2407.33,2026-06-15
1905,271,Electronics,1,885.15,2026-06-17
1906,271,Home & Kitchen,1,3698.51,2026-06-30
1907,271,Home & Kitchen,2,2029.77,2026-07-13
1908,271,Electronics,1,1790.37,2026-07-19
1909,272,Sports,1,2173.04,2025-08-26
1910,273,Electronics,2,3600.71,2024-12-27
1911,273,Electronics,4,500.45,2025-12-23
1912,273,Electronics,3,3632.4,2026-02-27
1913,273,Apparel,3,3888.97,2026-03-07
1914,273,Home & Kitchen,2,2412.97,2026-05-26
1915,273,Apparel,3,1286.91,2026-07-04
1916,273,Electronics,4,1810.3,2026-07-08
1917,274,Home & Kitchen,1,2949.93,2026-07-16
1918,275,Beauty,1,720.3,2024-11-29
1919,275,Home & Kitchen,4,2065.52,2024-12-25
1920,275,Grocery,4,3732.81,2025-01-03
1921,275,Electronics,4,3783.3,2025-06-12
1922,275,Electronics,1,2290.05,2026-05-20
1923,276,Grocery,2,2029.22,2026-02-22
1924,276,Home & Kitchen,1,334.64,2026-02-28
1925,276,Grocery,4,3424.48,2026-03-28
1926,276,Electronics,4,550.34,2026-06-05
1927,277,Grocery,3,1807.46,2026-06-23
1928,278,Grocery,3,1137.5,2026-03-01
1929,278,Apparel,1,2277.48,2026-03-19
1930,278,Apparel,1,3525.68,2026-05-19
1931,278,Apparel,1,3074.22,2026-06-15
1932,279,Beauty,4,1193.6,2026-05-15
1933,280,Grocery,4,598.67,2026-05-13
1934,281,Home & Kitchen,2,772.07,2026-02-07
1935,281,Electronics,1,1010.96,2026-02-10
1936,281,Beauty,4,3556.98,2026-02-17
1937,281,Apparel,2,2763.03,2026-02-20
1938,281,Grocery,3,2559.92,2026-02-22
1939,281,Electronics,4,3308.73,2026-03-09
1940,281,Beauty,3,2143.92,2026-03-12
1941,281,Beauty,1,811.92,2026-04-09
1942,281,Home & Kitchen,1,3029.44,2026-04-09
1943,281,Grocery,2,3741.03,2026-04-21
1944,281,Grocery,2,2922.29,2026-04-23
1945,281,Electronics,2,2509.07,2026-05-02
1946,281,Apparel,1,1290.03,2026-05-04
1947,281,Beauty,4,3057.99,2026-05-07
1948,281,Beauty,1,2360.7,2026-05-10
1949,281,Home & Kitchen,4,3881.18,2026-05-19
1950,281,Apparel,2,1077.97,2026-05-20
1951,281,Apparel,3,3695.88,2026-05-20
1952,281,Home & Kitchen,4,2375.75,2026-05-25
1953,281,Sports,1,3026.45,2026-05-31
1954,281,Apparel,4,3317.71,2026-06-01
1955,281,Home & Kitchen,3,2853.87,2026-06-11
1956,281,Beauty,4,2647.4,2026-06-16
1957,281,Sports,1,2660.0,2026-06-19
1958,281,Sports,2,2566.41,2026-06-24
1959,281,Electronics,2,1779.15,2026-06-25
1960,281,Beauty,2,1504.12,2026-07-04
1961,281,Electronics,4,949.55,2026-07-04
1962,281,Beauty,3,3534.26,2026-07-07
1963,281,Grocery,2,3495.29,2026-07-19
1964,282,Home & Kitchen,1,3023.51,2026-03-13
1965,282,Home & Kitchen,2,940.25,2026-03-18
1966,282,Electronics,3,2473.36,2026-05-05
1967,282,Beauty,4,1746.13,2026-05-16
1968,282,Sports,1,620.0,2026-06-15
1969,283,Grocery,4,2775.27,2025-09-16
1970,283,Grocery,4,325.75,2025-10-25
1971,283,Electronics,2,723.72,2025-12-07
1972,283,Sports,4,3055.04,2025-12-19
1973,283,Apparel,2,3829.82,2026-03-16
1974,283,Beauty,4,719.86,2026-04-12
1975,283,Home & Kitchen,1,2625.83,2026-06-17
1976,283,Grocery,2,1109.4,2026-07-10
1977,283,Home & Kitchen,1,1498.51,2026-07-22
1978,284,Grocery,3,3395.56,2025-09-22
1979,284,Apparel,1,3897.1,2025-11-21
1980,284,Sports,3,1592.83,2025-12-10
1981,284,Sports,2,530.52,2025-12-11
1982,284,Apparel,1,904.61,2025-12-29
1983,284,Sports,2,2193.02,2025-12-30
1984,284,Apparel,2,324.85,2026-01-17
1985,284,Apparel,1,220.88,2026-01-18
1986,284,Home & Kitchen,1,1295.21,2026-01-25
1987,284,Apparel,3,740.3,2026-01-31
1988,284,Sports,4,3951.18,2026-02-13
1989,284,Electronics,3,336.05,2026-02-21
1990,284,Grocery,1,2117.32,2026-02-23
1991,284,Apparel,4,3930.34,2026-03-15
1992,284,Sports,3,3577.74,2026-04-29
1993,284,Electronics,1,2102.83,2026-05-28
1994,284,Home & Kitchen,2,984.01,2026-06-20
1995,284,Grocery,3,2317.36,2026-07-13
1996,285,Electronics,4,3836.18,2026-03-29
1997,285,Apparel,1,2012.95,2026-04-07
1998,285,Electronics,1,999.28,2026-04-12
1999,285,Grocery,3,2340.27,2026-04-16
2000,285,Electronics,2,1219.68,2026-04-18
2001,285,Electronics,1,213.24,2026-04-25
2002,285,Home & Kitchen,2,348.09,2026-05-04
2003,285,Sports,3,3955.95,2026-05-19
2004,285,Apparel,1,323.34,2026-05-20
2005,285,Electronics,3,2577.78,2026-06-18
2006,286,Apparel,4,3384.12,2025-06-26
2007,286,Home & Kitchen,1,1643.06,2025-07-24
2008,286,Home & Kitchen,3,2094.22,2025-08-17
2009,286,Home & Kitchen,1,3627.29,2025-10-21
2010,286,Grocery,4,3008.99,2025-12-14
2011,286,Grocery,4,3166.26,2025-12-31
2012,286,Apparel,4,3309.44,2026-01-12
2013,286,Home & Kitchen,3,1101.56,2026-02-22
2014,286,Apparel,1,3336.08,2026-06-26
2015,287,Home & Kitchen,2,2874.04,2026-06-19
2016,288,Apparel,4,902.45,2026-04-29
2017,289,Apparel,2,2290.57,2025-04-20
2018,289,Beauty,4,2738.89,2025-05-23
2019,289,Beauty,2,1263.18,2025-06-20
2020,289,Apparel,4,2734.75,2025-07-06
2021,289,Beauty,1,1146.09,2025-07-12
2022,290,Home & Kitchen,2,2720.57,2025-07-21
2023,290,Apparel,1,1127.04,2025-11-13
2024,290,Beauty,4,307.42,2026-06-03
2025,291,Electronics,4,3277.4,2026-03-13
2026,291,Grocery,3,1446.78,2026-04-02
2027,291,Home & Kitchen,4,463.48,2026-04-10
2028,291,Home & Kitchen,2,2338.67,2026-04-26
2029,291,Electronics,4,1368.89,2026-05-15
2030,291,Sports,1,489.34,2026-06-14
2031,291,Grocery,2,2561.0,2026-06-15
2032,291,Electronics,4,2824.89,2026-06-22
2033,291,Beauty,2,2774.9,2026-07-06
2034,291,Sports,4,2437.09,2026-07-22
2035,292,Grocery,4,3717.79,2026-06-02
2036,292,Electronics,4,2333.5,2026-06-03
2037,292,Apparel,2,2113.61,2026-06-06
2038,292,Electronics,2,2386.21,2026-06-06
2039,292,Grocery,3,2795.95,2026-06-18
2040,292,Sports,2,2286.28,2026-06-18
2041,292,Home & Kitchen,2,3129.15,2026-06-18
2042,292,Electronics,4,1445.83,2026-06-20
2043,292,Apparel,4,3903.04,2026-06-26
2044,292,Home & Kitchen,4,2747.31,2026-06-26
2045,292,Beauty,1,3261.41,2026-06-27
2046,293,Home & Kitchen,3,2309.35,2025-06-12
2047,293,Home & Kitchen,4,273.5,2026-06-22
2048,294,Sports,1,3207.51,2024-10-04
2049,294,Apparel,2,1314.16,2024-10-24
2050,294,Sports,3,3908.21,2024-10-25
2051,294,Sports,2,1019.84,2024-11-11
2052,294,Electronics,2,3149.88,2024-11-26
2053,294,Electronics,4,743.6,2025-01-10
2054,294,Grocery,1,1327.24,2025-02-01
2055,294,Apparel,2,3027.72,2025-03-06
2056,294,Beauty,3,3026.95,2025-07-23
2057,294,Electronics,2,1799.87,2025-08-27
2058,294,Beauty,4,336.15,2025-12-12
2059,294,Electronics,1,214.95,2026-01-17
2060,294,Beauty,4,2143.5,2026-07-23
2061,295,Home & Kitchen,3,2190.05,2025-04-13
2062,295,Beauty,4,581.38,2026-05-24
2063,296,Sports,2,901.19,2026-03-02
2064,297,Home & Kitchen,1,2243.25,2024-11-04
2065,297,Grocery,1,2919.7,2024-11-04
2066,297,Sports,1,3938.01,2024-11-26
2067,297,Grocery,3,2382.0,2025-01-07
2068,297,Home & Kitchen,3,2401.3,2025-02-20
2069,297,Sports,3,1802.8,2025-03-16
2070,297,Electronics,4,1676.34,2025-04-20
2071,297,Beauty,4,1648.26,2025-04-23
2072,297,Electronics,4,534.79,2025-04-26
2073,297,Grocery,3,2111.12,2025-08-18
2074,297,Grocery,1,842.3,2025-09-09
2075,297,Electronics,1,2504.84,2025-09-13
2076,297,Beauty,3,768.98,2025-11-10
2077,297,Beauty,2,1163.28,2025-11-16
2078,297,Home & Kitchen,3,1867.86,2025-12-09
2079,297,Apparel,3,2345.93,2026-02-16
2080,297,Home & Kitchen,4,2554.44,2026-05-03
2081,297,Sports,3,3208.48,2026-06-10
2082,297,Apparel,2,3134.98,2026-06-14
2083,297,Grocery,3,1151.42,2026-06-15
2084,297,Home & Kitchen,4,589.48,2026-06-29
2085,297,Beauty,2,1196.3,2026-07-02
2086,297,Grocery,3,2578.5,2026-07-03
2087,297,Home & Kitchen,3,2378.32,2026-07-13
2088,298,Apparel,2,3260.53,2025-08-17
2089,298,Apparel,4,3812.75,2025-11-08
2090,298,Beauty,2,1451.44,2026-01-20
2091,298,Home & Kitchen,2,3172.55,2026-03-29
2092,298,Apparel,4,2318.38,2026-06-08
2093,298,Home & Kitchen,2,2715.15,2026-06-25
2094,298,Electronics,2,2344.72,2026-07-01
2095,298,Sports,1,531.85,2026-07-02
2096,299,Beauty,1,3864.92,2025-11-04
2097,299,Apparel,3,1644.66,2026-02-02
2098,299,Grocery,4,561.95,2026-06-13
2099,300,Grocery,4,3877.15,2026-06-23
2100,301,Electronics,1,394.29,2026-01-23
2101,301,Sports,4,159.26,2026-02-09
2102,301,Home & Kitchen,1,557.31,2026-02-27
2103,301,Grocery,3,2569.48,2026-03-26
2104,301,Grocery,1,1729.18,2026-05-17
2105,302,Sports,4,410.99,2026-01-02
2106,303,Sports,1,1098.27,2026-02-19
2107,303,Electronics,1,1073.87,2026-02-22
2108,303,Apparel,3,3709.15,2026-03-06
2109,303,Electronics,3,3362.9,2026-03-13
2110,303,Grocery,2,285.82,2026-03-23
2111,303,Home & Kitchen,2,2674.79,2026-03-28
2112,303,Grocery,3,1081.73,2026-04-06
2113,303,Home & Kitchen,1,3720.0,2026-04-08
2114,303,Electronics,3,2698.46,2026-05-08
2115,303,Beauty,2,1041.89,2026-05-10
2116,303,Sports,4,3377.16,2026-05-13
2117,303,Electronics,4,1869.53,2026-05-26
2118,303,Apparel,1,3997.68,2026-05-28
2119,303,Beauty,2,3118.83,2026-06-11
2120,303,Sports,3,2868.53,2026-06-24
2121,303,Apparel,2,1127.22,2026-06-28
2122,303,Electronics,1,2774.73,2026-06-29
2123,303,Electronics,2,3059.11,2026-07-10
2124,303,Sports,1,2692.44,2026-07-19
2125,304,Apparel,2,478.65,2026-03-10
2126,304,Grocery,2,1456.43,2026-04-01
2127,304,Beauty,2,2681.46,2026-04-12
2128,304,Home & Kitchen,4,3297.19,2026-04-18
2129,304,Sports,3,1541.61,2026-04-18
2130,304,Grocery,1,2425.83,2026-04-27
2131,304,Grocery,1,356.1,2026-06-04
2132,304,Sports,3,782.46,2026-06-24
2133,305,Electronics,4,3866.54,2025-12-26
2134,305,Home & Kitchen,1,2467.43,2026-01-26
2135,305,Grocery,4,707.57,2026-02-16
2136,305,Sports,3,2809.1,2026-03-04
2137,305,Beauty,4,2212.06,2026-03-17
2138,305,Apparel,1,1951.71,2026-04-15
2139,305,Sports,2,2322.29,2026-04-21
2140,305,Apparel,4,3266.71,2026-05-28
2141,305,Grocery,1,3918.27,2026-06-09
2142,305,Grocery,2,3301.24,2026-06-23
2143,306,Beauty,3,2123.31,2025-11-27
2144,306,Electronics,2,1236.48,2025-12-01
2145,306,Electronics,4,3115.25,2025-12-09
2146,306,Sports,1,3118.76,2025-12-22
2147,306,Grocery,4,2860.09,2025-12-26
2148,306,Sports,1,1166.69,2026-01-15
2149,306,Beauty,1,1609.37,2026-01-28
2150,306,Beauty,1,2862.23,2026-03-30
2151,306,Sports,2,3552.01,2026-04-02
2152,306,Electronics,2,924.1,2026-04-15
2153,306,Beauty,3,199.94,2026-04-27
2154,306,Electronics,2,480.96,2026-05-29
2155,306,Beauty,2,2985.03,2026-06-20
2156,307,Grocery,2,1250.51,2026-03-22
2157,308,Apparel,1,3860.59,2025-12-30
2158,308,Beauty,1,1366.05,2026-01-07
2159,308,Apparel,1,3611.78,2026-02-04
2160,308,Electronics,4,579.03,2026-02-09
2161,308,Electronics,1,469.88,2026-03-15
2162,309,Beauty,3,2033.09,2026-05-19
2163,309,Home & Kitchen,3,2442.85,2026-05-21
2164,310,Beauty,3,1835.42,2025-11-21
2165,310,Apparel,3,456.63,2025-12-02
2166,310,Electronics,2,3398.6,2025-12-20
2167,310,Home & Kitchen,2,2291.68,2025-12-20
2168,310,Grocery,3,3780.63,2025-12-26
2169,310,Sports,1,2773.6,2026-02-05
2170,310,Home & Kitchen,2,1056.46,2026-02-26
2171,310,Sports,1,2499.86,2026-03-11
2172,310,Grocery,1,2392.55,2026-03-12
2173,310,Home & Kitchen,2,1711.41,2026-04-03
2174,310,Grocery,4,496.34,2026-04-19
2175,310,Sports,3,1745.76,2026-04-26
2176,310,Beauty,1,1671.75,2026-04-29
2177,310,Sports,4,912.56,2026-05-09
2178,310,Home & Kitchen,3,1183.42,2026-05-17
2179,310,Home & Kitchen,3,2271.35,2026-05-26
2180,310,Grocery,1,3261.03,2026-05-28
2181,310,Sports,2,957.62,2026-05-30
2182,310,Grocery,1,3942.94,2026-06-22
2183,310,Electronics,4,1956.36,2026-06-22
2184,310,Sports,2,2876.26,2026-07-02
2185,310,Electronics,1,3457.07,2026-07-12
2186,310,Grocery,1,340.23,2026-07-21
2187,310,Home & Kitchen,2,1906.14,2026-07-27
2188,311,Sports,4,3958.91,2026-06-04
2189,311,Apparel,1,1341.68,2026-06-12
2190,311,Electronics,2,2029.09,2026-06-16
2191,311,Beauty,1,2169.73,2026-06-20
2192,311,Electronics,3,1353.02,2026-06-25
2193,311,Home & Kitchen,3,3032.77,2026-07-11
2194,311,Beauty,1,2691.85,2026-07-13
2195,311,Beauty,4,2867.86,2026-07-14
2196,311,Electronics,2,696.41,2026-07-25
2197,311,Electronics,3,813.69,2026-07-26
2198,312,Apparel,1,2429.9,2026-07-09
2199,313,Beauty,3,2362.35,2025-02-12
2200,313,Sports,2,300.49,2025-02-19
2201,313,Sports,3,2105.35,2025-02-24
2202,313,Grocery,3,2722.39,2025-03-03
2203,313,Grocery,4,1823.06,2025-03-07
2204,313,Electronics,4,826.77,2025-04-15
2205,313,Electronics,2,831.04,2025-07-03
2206,314,Apparel,2,1214.81,2025-05-05
2207,314,Beauty,2,3621.37,2025-12-06
2208,314,Home & Kitchen,2,914.12,2026-05-01
2209,314,Sports,4,2113.5,2026-06-03
2210,314,Sports,2,3627.82,2026-06-15
2211,315,Apparel,2,3654.31,2025-10-17
2212,315,Electronics,1,2785.79,2026-02-27
2213,315,Apparel,3,899.26,2026-03-31
2214,315,Beauty,1,2317.0,2026-04-05
2215,315,Sports,4,2216.41,2026-06-18
2216,315,Grocery,3,3920.11,2026-06-27
2217,316,Home & Kitchen,4,2846.82,2025-06-18
2218,316,Apparel,1,508.7,2025-09-13
2219,316,Sports,4,3570.23,2025-10-05
2220,316,Electronics,2,1638.15,2026-02-03
2221,316,Apparel,2,1215.41,2026-03-31
2222,316,Home & Kitchen,4,2196.57,2026-06-24
2223,317,Apparel,1,718.27,2026-01-19
2224,317,Home & Kitchen,2,2567.16,2026-02-09
2225,317,Sports,4,3617.65,2026-03-30
2226,317,Home & Kitchen,3,1626.21,2026-04-09
2227,317,Grocery,2,2834.16,2026-05-23
2228,318,Electronics,1,3245.01,2025-01-09
2229,318,Beauty,1,1373.19,2025-06-10
2230,318,Home & Kitchen,4,2657.35,2025-09-12
2231,318,Electronics,4,3718.02,2025-09-26
2232,318,Beauty,2,3213.39,2025-12-27
2233,319,Beauty,3,3412.86,2024-12-06
2234,319,Beauty,2,3085.87,2024-12-15
2235,319,Apparel,2,1357.54,2025-01-10
2236,319,Grocery,3,1661.2,2025-01-22
2237,319,Grocery,4,1368.72,2025-03-19
2238,319,Grocery,1,3534.88,2025-11-28
2239,319,Beauty,4,777.24,2025-11-29
2240,319,Electronics,2,2113.98,2026-02-11
2241,319,Grocery,1,1577.6,2026-07-12
2242,320,Apparel,4,596.63,2024-09-17
2243,320,Electronics,3,2857.85,2024-11-06
2244,320,Electronics,4,2514.46,2024-11-18
2245,320,Home & Kitchen,4,2194.16,2025-01-07
2246,320,Sports,1,1770.73,2025-02-08
2247,320,Electronics,3,2194.26,2025-02-19
2248,320,Sports,4,2227.19,2025-03-04
2249,320,Sports,2,2133.47,2025-05-21
2250,320,Home & Kitchen,3,188.42,2025-09-11
2251,320,Electronics,2,2355.82,2025-10-14
2252,320,Sports,3,1796.01,2025-11-21
2253,320,Sports,3,2087.9,2026-01-17
2254,320,Electronics,2,1083.28,2026-06-26
2255,321,Grocery,4,2202.94,2025-06-24
2256,321,Beauty,3,619.33,2025-07-21
2257,321,Electronics,1,2309.47,2025-08-27
2258,321,Apparel,2,215.61,2025-09-02
2259,321,Apparel,2,2771.08,2025-09-15
2260,321,Grocery,2,3009.88,2025-11-24
2261,321,Home & Kitchen,1,1139.08,2025-12-02
2262,321,Apparel,3,989.9,2025-12-19
2263,321,Beauty,3,1569.05,2026-01-03
2264,321,Grocery,3,955.1,2026-02-12
2265,321,Apparel,2,1041.04,2026-02-25
2266,321,Sports,3,2696.94,2026-03-11
2267,321,Grocery,1,1227.66,2026-03-14
2268,321,Grocery,3,1204.67,2026-03-18
2269,321,Apparel,1,689.17,2026-03-18
2270,321,Home & Kitchen,2,595.93,2026-03-22
2271,321,Home & Kitchen,4,3918.27,2026-03-31
2272,321,Home & Kitchen,3,3793.38,2026-04-11
2273,321,Beauty,4,760.34,2026-04-17
2274,321,Home & Kitchen,2,3138.92,2026-04-25
2275,321,Apparel,4,2706.86,2026-05-20
2276,321,Grocery,1,3682.67,2026-06-14
2277,321,Electronics,3,1391.68,2026-06-15
2278,321,Apparel,3,2228.53,2026-07-15
2279,322,Grocery,1,2408.56,2025-01-07
2280,322,Apparel,3,2445.5,2025-03-09
2281,322,Home & Kitchen,2,1177.34,2025-09-29
2282,322,Sports,2,268.89,2025-10-10
2283,322,Beauty,1,1254.94,2025-10-31
2284,322,Grocery,3,3659.47,2026-02-01
2285,322,Home & Kitchen,3,2136.63,2026-06-01
2286,322,Sports,3,1861.13,2026-06-28
2287,323,Sports,4,3159.53,2025-04-06
2288,323,Sports,4,327.13,2025-05-27
2289,323,Beauty,4,2414.95,2025-08-14
2290,323,Electronics,3,2510.85,2025-11-02
2291,323,Apparel,2,1316.47,2025-11-14
2292,323,Home & Kitchen,4,2461.24,2025-11-22
2293,323,Sports,4,952.3,2026-03-20
2294,324,Electronics,1,2560.3,2026-05-27
2295,324,Apparel,2,1805.42,2026-05-30
2296,324,Home & Kitchen,1,2439.0,2026-06-01
2297,325,Apparel,4,3390.95,2026-03-11
2298,326,Apparel,1,1996.9,2026-03-31
2299,326,Apparel,2,458.02,2026-04-03
2300,326,Beauty,4,1095.32,2026-04-06
2301,326,Home & Kitchen,4,2493.34,2026-04-08
2302,326,Grocery,2,383.22,2026-04-22
2303,326,Apparel,4,568.86,2026-04-25
2304,326,Beauty,4,2184.98,2026-04-28
2305,326,Electronics,2,460.25,2026-05-01
2306,326,Sports,2,213.43,2026-05-11
2307,326,Apparel,4,2872.61,2026-05-12
2308,326,Apparel,1,2111.85,2026-05-20
2309,326,Beauty,1,2891.38,2026-05-23
2310,326,Home & Kitchen,1,815.19,2026-05-25
2311,326,Beauty,2,3890.57,2026-05-25
2312,326,Sports,4,1702.48,2026-05-28
2313,326,Electronics,4,1541.58,2026-06-04
2314,326,Apparel,1,3603.77,2026-06-11
2315,326,Sports,1,3203.57,2026-06-11
2316,326,Apparel,4,474.11,2026-06-14
2317,326,Home & Kitchen,4,3153.36,2026-06-16
2318,326,Electronics,1,1860.04,2026-06-20
2319,326,Electronics,2,1629.35,2026-06-23
2320,326,Sports,2,1668.93,2026-06-25
2321,326,Grocery,1,1194.35,2026-06-25
2322,326,Sports,2,2650.09,2026-06-25
2323,326,Grocery,3,3039.2,2026-06-28
2324,326,Apparel,3,3592.36,2026-06-29
2325,326,Grocery,3,1356.5,2026-07-09
2326,326,Sports,1,2948.36,2026-07-12
2327,327,Grocery,2,3255.82,2025-10-19
2328,327,Beauty,2,207.7,2025-11-09
2329,327,Beauty,1,3851.88,2026-01-03
2330,327,Grocery,1,3166.03,2026-02-15
2331,327,Apparel,1,1781.56,2026-03-14
2332,327,Grocery,2,1474.59,2026-03-16
2333,327,Home & Kitchen,1,1697.7,2026-04-03
2334,327,Sports,4,2170.41,2026-06-18
2335,327,Beauty,1,3251.2,2026-07-04
2336,328,Sports,4,1532.86,2025-09-24
2337,329,Grocery,1,586.3,2026-01-21
2338,329,Apparel,3,2629.92,2026-01-25
2339,329,Sports,4,2402.14,2026-06-25
2340,330,Beauty,3,3921.97,2025-10-20
2341,330,Apparel,2,3548.44,2025-10-21
2342,330,Home & Kitchen,2,2580.72,2025-11-01
2343,330,Grocery,1,1527.72,2025-11-20
2344,330,Home & Kitchen,1,504.17,2025-11-24
2345,330,Sports,1,1329.96,2025-11-25
2346,330,Apparel,1,3159.41,2026-01-24
2347,330,Sports,2,641.78,2026-02-17
2348,330,Electronics,3,841.35,2026-02-19
2349,330,Grocery,4,3510.44,2026-02-27
2350,330,Sports,4,1691.21,2026-03-03
2351,330,Beauty,2,2364.59,2026-03-04
2352,330,Apparel,1,166.39,2026-03-31
2353,330,Beauty,4,2388.38,2026-04-20
2354,330,Electronics,1,3761.82,2026-04-27
2355,330,Grocery,4,3898.51,2026-05-01
2356,330,Grocery,1,896.31,2026-05-29
2357,330,Electronics,1,2605.73,2026-06-01
2358,330,Apparel,4,1983.73,2026-06-14
2359,330,Sports,4,3578.38,2026-06-30
2360,330,Sports,2,1535.58,2026-07-25
2361,331,Apparel,4,628.96,2026-05-22
2362,331,Apparel,1,1224.85,2026-05-22
2363,331,Beauty,4,594.54,2026-06-02
2364,331,Grocery,1,3057.55,2026-06-03
2365,331,Grocery,2,2165.93,2026-06-15
2366,332,Beauty,2,1978.24,2025-11-28
2367,332,Electronics,3,3726.96,2026-03-25
2368,332,Grocery,4,3544.01,2026-06-18
2369,332,Sports,1,3786.59,2026-07-02
2370,333,Grocery,4,3818.47,2024-12-30
2371,333,Home & Kitchen,3,2993.92,2025-05-10
2372,333,Sports,4,3533.25,2026-05-15
2373,334,Electronics,2,1943.99,2025-10-13
2374,334,Grocery,1,2269.85,2026-01-27
2375,334,Grocery,3,3928.9,2026-04-15
2376,334,Sports,4,2777.85,2026-05-18
2377,335,Beauty,1,1395.92,2025-06-24
2378,335,Sports,1,2699.27,2025-08-08
2379,335,Grocery,1,2921.67,2026-03-05
2380,335,Electronics,4,1961.0,2026-05-18
2381,335,Grocery,2,3986.32,2026-05-26
2382,335,Home & Kitchen,2,3560.56,2026-07-21
2383,336,Apparel,1,1295.87,2025-11-14
2384,337,Grocery,3,3662.27,2026-02-15
2385,337,Sports,2,3272.7,2026-05-22
2386,338,Beauty,3,3262.6,2025-09-23
2387,339,Grocery,3,1941.44,2025-06-11
2388,339,Home & Kitchen,2,1169.21,2025-12-04
2389,339,Beauty,2,1620.79,2026-06-09
2390,340,Electronics,4,2093.25,2026-07-01
2391,340,Grocery,3,500.68,2026-07-01
2392,340,Apparel,2,2413.62,2026-07-01
2393,340,Beauty,3,993.39,2026-07-01
2394,340,Sports,1,3850.54,2026-07-01
2395,340,Grocery,4,837.54,2026-07-02
2396,340,Grocery,4,3277.47,2026-07-03
2397,340,Electronics,1,3247.69,2026-07-03
2398,340,Electronics,2,1436.66,2026-07-04
2399,340,Grocery,1,2427.03,2026-07-06
2400,340,Beauty,3,2118.94,2026-07-06
2401,340,Electronics,1,3213.66,2026-07-08
2402,340,Apparel,2,1168.34,2026-07-08
2403,340,Home & Kitchen,3,861.38,2026-07-09
2404,340,Apparel,4,2645.34,2026-07-10
2405,340,Sports,4,1461.5,2026-07-11
2406,340,Apparel,2,1117.9,2026-07-11
2407,340,Apparel,2,1747.87,2026-07-11
2408,340,Electronics,4,2086.85,2026-07-11
2409,340,Grocery,4,580.18,2026-07-11
2410,340,Sports,2,291.14,2026-07-12
2411,340,Beauty,4,392.63,2026-07-12
2412,340,Electronics,3,2742.38,2026-07-12
2413,340,Sports,1,3923.03,2026-07-13
2414,340,Sports,4,1067.3,2026-07-13
2415,340,Beauty,1,2651.53,2026-07-13
2416,340,Grocery,3,2476.45,2026-07-14
2417,340,Grocery,3,3831.09,2026-07-14
2418,340,Apparel,4,1353.52,2026-07-15
2419,340,Apparel,3,1879.45,2026-07-15
2420,340,Grocery,4,1987.96,2026-07-16
2421,341,Home & Kitchen,1,2994.36,2026-03-04
2422,341,Beauty,2,3358.08,2026-03-16
2423,341,Sports,2,1407.62,2026-04-06
2424,341,Home & Kitchen,4,1223.36,2026-06-16
2425,341,Apparel,1,1923.16,2026-06-23
2426,341,Apparel,4,1264.45,2026-07-02
2427,341,Apparel,1,1349.31,2026-07-10
2428,341,Electronics,1,2393.97,2026-07-26
2429,342,Home & Kitchen,2,1484.08,2025-07-26
2430,342,Home & Kitchen,3,418.21,2025-07-29
2431,342,Grocery,4,663.49,2025-08-26
2432,342,Grocery,4,2688.68,2025-09-22
2433,342,Beauty,4,958.4,2025-09-26
2434,342,Sports,4,2213.09,2025-10-09
2435,342,Grocery,2,892.01,2025-11-11
2436,342,Home & Kitchen,1,3471.37,2025-12-10
2437,342,Beauty,4,1760.35,2026-02-08
2438,342,Sports,3,2839.49,2026-03-04
2439,342,Electronics,2,1999.23,2026-03-08
2440,342,Home & Kitchen,3,1484.53,2026-03-27
2441,342,Grocery,3,1759.13,2026-04-10
2442,342,Grocery,3,849.87,2026-05-05
2443,342,Grocery,4,449.34,2026-05-12
2444,342,Beauty,3,2693.61,2026-06-20
2445,342,Apparel,2,3909.92,2026-07-10
2446,342,Apparel,1,1200.24,2026-07-22
2447,343,Home & Kitchen,1,2803.82,2025-01-05
2448,343,Apparel,2,1490.76,2025-02-06
2449,343,Home & Kitchen,3,1346.23,2025-07-20
2450,343,Grocery,3,1447.67,2025-07-20
2451,343,Apparel,3,2656.65,2025-09-27
2452,343,Apparel,1,3426.07,2025-11-23
2453,343,Apparel,1,1822.96,2025-12-23
2454,343,Apparel,1,3627.42,2026-01-31
2455,343,Apparel,3,3863.89,2026-02-01
2456,343,Home & Kitchen,4,3828.85,2026-02-05
2457,343,Grocery,1,3604.76,2026-04-25
2458,343,Electronics,1,3446.65,2026-07-13
2459,344,Grocery,2,753.23,2026-02-04
2460,344,Electronics,1,2553.22,2026-03-28
2461,344,Sports,2,260.85,2026-04-10
2462,344,Apparel,1,804.53,2026-04-22
2463,344,Grocery,1,1898.55,2026-04-24
2464,344,Home & Kitchen,4,2390.16,2026-07-19
2465,345,Grocery,3,3480.54,2025-06-18
2466,345,Apparel,4,2892.24,2026-01-11
2467,345,Home & Kitchen,3,3854.03,2026-05-21
2468,346,Beauty,3,456.59,2025-11-10
2469,346,Apparel,1,2756.34,2026-02-07
2470,346,Grocery,3,3803.76,2026-03-29
2471,346,Electronics,3,3285.06,2026-05-06
2472,346,Grocery,3,1282.78,2026-05-26
2473,346,Apparel,1,1510.69,2026-07-21
2474,347,Sports,2,2548.72,2024-10-01
2475,347,Electronics,3,1427.87,2025-01-31
2476,347,Electronics,4,1281.25,2025-02-04
2477,347,Beauty,1,321.31,2025-05-10
2478,347,Home & Kitchen,2,386.54,2025-09-16
2479,347,Electronics,3,2365.45,2026-02-20
2480,347,Apparel,1,3807.45,2026-06-16
2481,347,Electronics,3,2268.34,2026-07-06
2482,348,Sports,1,828.18,2026-06-08
2483,349,Grocery,3,633.65,2026-01-12
2484,349,Apparel,2,773.24,2026-01-21
2485,349,Grocery,2,3749.61,2026-01-28
2486,349,Grocery,3,1126.81,2026-02-11
2487,349,Home & Kitchen,2,361.63,2026-02-19
2488,349,Apparel,2,2564.14,2026-02-19
2489,349,Electronics,1,2520.6,2026-02-23
2490,349,Beauty,1,3921.41,2026-02-27
2491,349,Sports,4,1943.08,2026-03-07
2492,349,Sports,4,1109.29,2026-03-22
2493,349,Beauty,2,1088.36,2026-04-19
2494,349,Sports,3,202.54,2026-04-22
2495,349,Sports,3,2077.55,2026-05-16
2496,349,Beauty,1,2156.33,2026-05-27
2497,349,Beauty,1,2877.31,2026-06-01
2498,349,Sports,2,3812.74,2026-06-09
2499,349,Home & Kitchen,1,3715.93,2026-06-13
2500,349,Grocery,3,2873.73,2026-06-15
2501,349,Home & Kitchen,4,1658.4,2026-06-15
2502,349,Beauty,4,3895.08,2026-06-18
2503,349,Home & Kitchen,3,3678.97,2026-07-02
2504,349,Apparel,4,2360.8,2026-07-07
2505,349,Grocery,4,1671.73,2026-07-07
2506,349,Beauty,4,3199.49,2026-07-18
2507,349,Grocery,1,1617.83,2026-07-27
2508,350,Grocery,3,1717.62,2024-08-23
2509,350,Sports,3,2678.17,2024-09-20
2510,350,Sports,3,793.05,2024-10-25
2511,350,Grocery,3,1758.73,2025-01-23
2512,350,Apparel,4,2530.77,2025-02-03
2513,350,Sports,4,3269.73,2025-02-20
2514,350,Beauty,1,448.72,2025-05-04
2515,350,Sports,4,363.48,2025-05-21
2516,350,Beauty,4,2807.67,2025-06-04
2517,350,Sports,2,2730.39,2025-07-07
2518,350,Beauty,1,2606.8,2025-07-14
2519,350,Grocery,4,150.46,2025-07-19
2520,350,Grocery,4,1346.28,2025-08-08
2521,350,Sports,2,3767.25,2025-09-06
2522,350,Apparel,4,1631.86,2025-10-14
2523,350,Electronics,4,275.49,2025-10-16
2524,350,Electronics,3,2111.27,2025-11-01
2525,350,Grocery,4,221.99,2025-11-04
2526,350,Apparel,2,1991.54,2025-11-06
2527,350,Apparel,1,2635.4,2025-12-07
2528,350,Beauty,4,3639.2,2025-12-08
2529,350,Grocery,1,2099.6,2026-01-01
2530,350,Electronics,4,425.44,2026-02-19
2531,350,Beauty,3,1251.18,2026-03-22
2532,350,Electronics,4,2491.62,2026-04-02
2533,350,Electronics,4,344.26,2026-04-05
2534,350,Electronics,3,1767.38,2026-04-13
2535,350,Apparel,1,1725.05,2026-07-22
2536,350,Grocery,3,2391.08,2026-07-27
2537,350,Electronics,3,1226.13,2026-07-29
2538,351,Home & Kitchen,4,3653.57,2026-07-01
2539,352,Apparel,2,1276.75,2025-11-11
2540,352,Home & Kitchen,2,651.93,2026-04-02
2541,352,Home & Kitchen,4,1745.6,2026-05-18
2542,353,Sports,3,1638.05,2024-07-09
2543,353,Electronics,4,3171.64,2025-01-21
2544,353,Sports,4,785.06,2025-04-06
2545,353,Apparel,4,1586.61,2026-05-04
2546,353,Apparel,4,2226.51,2026-05-17
2547,354,Beauty,4,3297.39,2026-02-26
2548,354,Sports,2,2983.39,2026-03-03
2549,354,Electronics,2,3139.75,2026-03-31
2550,354,Apparel,1,3417.59,2026-04-03
2551,354,Grocery,3,714.66,2026-04-13
2552,354,Beauty,2,1348.17,2026-04-17
2553,354,Electronics,3,3636.82,2026-04-24
2554,354,Home & Kitchen,2,2471.01,2026-06-02
2555,354,Sports,2,3916.66,2026-06-12
2556,354,Grocery,1,489.26,2026-06-18
2557,354,Sports,3,2716.1,2026-06-20
2558,354,Home & Kitchen,2,2941.76,2026-06-29
2559,354,Home & Kitchen,2,1338.74,2026-07-02
2560,355,Sports,3,516.08,2026-02-15
2561,355,Grocery,2,824.89,2026-06-19
2562,356,Electronics,4,579.79,2026-04-01
2563,356,Beauty,3,2681.36,2026-04-08
2564,356,Beauty,4,1607.07,2026-05-11
2565,356,Grocery,3,1900.92,2026-05-14
2566,356,Apparel,4,207.35,2026-05-16
2567,356,Beauty,4,2839.42,2026-05-19
2568,356,Grocery,4,3400.11,2026-06-27
2569,356,Grocery,3,289.7,2026-07-25
2570,357,Beauty,2,3994.3,2026-05-12
2571,358,Beauty,4,3558.53,2026-04-02
2572,359,Home & Kitchen,3,3185.0,2026-04-03
2573,359,Beauty,3,2754.53,2026-04-06
2574,359,Sports,2,501.3,2026-04-25
2575,359,Sports,1,1888.31,2026-05-03
2576,359,Grocery,4,1634.13,2026-05-04
2577,359,Sports,3,636.13,2026-05-05
2578,359,Grocery,1,3475.24,2026-05-12
2579,359,Electronics,2,3458.02,2026-05-12
2580,359,Apparel,2,3132.28,2026-05-29
2581,359,Sports,4,1132.51,2026-06-03
2582,359,Sports,3,1080.88,2026-06-10
2583,359,Electronics,2,3733.57,2026-06-21
2584,360,Electronics,4,1400.61,2025-02-04
2585,360,Grocery,1,3859.7,2025-02-07
2586,360,Sports,3,3403.92,2025-02-18
2587,360,Grocery,1,454.87,2025-03-31
2588,360,Beauty,3,3481.8,2025-07-09
2589,360,Grocery,3,3646.08,2025-08-07
2590,360,Electronics,2,3939.92,2025-09-15
2591,360,Home & Kitchen,3,654.79,2025-09-27
2592,360,Home & Kitchen,4,1864.62,2025-11-14
2593,360,Home & Kitchen,1,3301.3,2026-01-13
2594,360,Grocery,4,3861.36,2026-02-06
2595,360,Sports,2,2395.34,2026-03-07
2596,360,Home & Kitchen,1,3861.94,2026-04-28
2597,360,Electronics,1,2723.76,2026-06-03
2598,360,Beauty,2,3390.25,2026-07-16
2599,361,Apparel,2,3966.27,2026-05-30
2600,362,Grocery,1,1344.41,2026-05-27
2601,362,Grocery,4,2557.81,2026-06-02
2602,362,Sports,3,220.28,2026-06-08
2603,362,Grocery,2,619.54,2026-06-20
2604,362,Electronics,2,1646.32,2026-07-05
2605,362,Grocery,2,1366.54,2026-07-16
2606,363,Sports,2,702.82,2026-02-21
2607,363,Grocery,2,3505.64,2026-02-28
2608,363,Sports,2,3309.19,2026-04-22
2609,363,Home & Kitchen,3,1144.99,2026-05-03
2610,363,Grocery,1,584.16,2026-05-18
2611,364,Home & Kitchen,3,1281.88,2026-03-02
2612,365,Sports,3,3174.11,2026-06-04
2613,366,Electronics,4,528.59,2026-04-29
2614,367,Electronics,4,994.39,2026-05-18
2615,367,Grocery,2,3752.66,2026-05-23
2616,367,Apparel,3,456.56,2026-06-13
2617,367,Sports,4,275.3,2026-06-13
2618,367,Home & Kitchen,4,2521.21,2026-06-17
2619,368,Grocery,3,3615.92,2026-05-24
2620,369,Home & Kitchen,3,3124.24,2026-03-14
2621,369,Beauty,2,2122.27,2026-03-22
2622,369,Home & Kitchen,4,1740.63,2026-05-04
2623,369,Home & Kitchen,1,3582.82,2026-05-09
2624,370,Apparel,2,3042.44,2026-06-01
2625,370,Apparel,2,3443.69,2026-06-03
2626,370,Electronics,3,530.85,2026-06-04
2627,370,Sports,2,713.58,2026-06-05
2628,370,Home & Kitchen,2,1552.28,2026-06-05
2629,370,Beauty,2,3343.09,2026-06-12
2630,370,Apparel,4,3059.52,2026-06-14
2631,370,Electronics,4,3587.28,2026-06-15
2632,370,Sports,4,821.38,2026-06-16
2633,370,Electronics,4,770.11,2026-06-18
2634,371,Beauty,4,3737.05,2025-03-25
2635,371,Sports,1,2599.99,2025-04-22
2636,371,Beauty,4,2230.61,2026-01-10
2637,371,Electronics,3,2409.13,2026-03-10
2638,371,Home & Kitchen,3,2389.47,2026-06-22
2639,372,Sports,1,926.44,2024-08-08
2640,372,Sports,4,1363.49,2024-08-15
2641,372,Beauty,3,1354.58,2024-10-01
2642,372,Beauty,4,891.44,2025-01-14
2643,372,Home & Kitchen,2,1573.74,2025-06-14
2644,372,Grocery,1,434.48,2025-10-09
2645,372,Grocery,2,926.45,2026-04-29
2646,372,Home & Kitchen,1,3559.95,2026-05-29
2647,372,Sports,2,194.53,2026-06-29
2648,373,Home & Kitchen,3,2805.25,2026-01-30
2649,374,Sports,2,689.75,2026-01-06
2650,375,Electronics,3,1068.22,2025-08-23
2651,375,Electronics,2,1582.91,2025-10-04
2652,375,Home & Kitchen,2,935.04,2025-11-02
2653,375,Sports,1,1442.78,2025-11-22
2654,375,Sports,1,3843.45,2026-02-20
2655,375,Apparel,2,3794.93,2026-04-05
2656,375,Beauty,1,1373.84,2026-05-12
2657,375,Home & Kitchen,3,2787.8,2026-05-26
2658,375,Beauty,4,562.41,2026-06-01
2659,375,Grocery,4,2925.59,2026-07-01
2660,376,Apparel,3,3409.03,2024-10-13
2661,376,Grocery,2,910.08,2024-10-23
2662,376,Sports,3,3501.93,2024-11-26
2663,376,Home & Kitchen,1,2109.76,2025-02-05
2664,376,Apparel,2,1951.7,2025-02-14
2665,376,Electronics,4,3323.4,2025-03-28
2666,376,Electronics,3,276.94,2025-04-01
2667,376,Grocery,3,812.94,2026-02-21
2668,376,Sports,2,2879.8,2026-03-20
2669,376,Home & Kitchen,2,3726.77,2026-05-02
2670,376,Electronics,3,908.4,2026-05-16
2671,376,Apparel,1,3614.1,2026-06-08
2672,376,Grocery,2,3605.27,2026-06-27
2673,377,Sports,1,2886.83,2025-02-28
2674,377,Sports,3,3990.47,2025-08-13
2675,377,Grocery,2,958.62,2025-09-15
2676,377,Beauty,2,482.04,2026-04-19
2677,377,Sports,1,207.59,2026-05-30
2678,377,Grocery,4,1704.86,2026-06-18
2679,377,Home & Kitchen,2,2048.3,2026-07-06
2680,378,Apparel,1,2609.67,2026-05-02
2681,378,Beauty,1,2116.43,2026-07-06
2682,379,Apparel,1,861.23,2025-12-20
2683,379,Beauty,4,226.09,2025-12-22
2684,379,Sports,3,2619.96,2025-12-24
2685,379,Electronics,3,1153.13,2025-12-24
2686,379,Grocery,2,3061.96,2025-12-24
2687,379,Home & Kitchen,3,1369.57,2025-12-25
2688,379,Sports,3,239.08,2025-12-26
2689,379,Home & Kitchen,4,2736.16,2025-12-28
2690,380,Grocery,2,2874.99,2025-03-11
2691,380,Sports,2,775.65,2025-03-30
2692,380,Beauty,2,2332.88,2025-05-09
2693,380,Beauty,4,658.31,2025-07-22
2694,380,Grocery,3,1684.22,2025-07-23
2695,380,Sports,1,1567.68,2025-10-28
2696,380,Electronics,1,674.99,2025-10-29
2697,380,Beauty,1,2651.12,2025-12-31
2698,380,Grocery,4,2736.74,2026-02-09
2699,381,Sports,2,1513.19,2026-06-22
2700,382,Apparel,2,1531.0,2026-03-19
2701,383,Beauty,4,1240.73,2026-07-09
2702,384,Beauty,2,3231.73,2025-11-15
2703,384,Grocery,2,232.68,2025-12-14
2704,384,Sports,3,1449.63,2025-12-24
2705,384,Apparel,2,1276.58,2026-01-23
2706,384,Home & Kitchen,1,2963.13,2026-01-27
2707,384,Apparel,3,2599.87,2026-04-01
2708,384,Sports,3,1617.06,2026-04-05
2709,384,Beauty,2,1983.8,2026-07-08
2710,384,Sports,4,1491.29,2026-07-10
2711,385,Apparel,1,1650.41,2025-02-18
2712,385,Grocery,2,584.54,2025-06-18
2713,385,Electronics,3,3132.35,2025-07-11
2714,385,Home & Kitchen,1,2190.35,2025-09-21
2715,385,Grocery,1,3139.08,2025-10-22
2716,385,Apparel,3,403.81,2025-10-22
2717,385,Electronics,3,1077.68,2025-10-26
2718,385,Grocery,1,2718.7,2025-11-20
2719,385,Apparel,2,3723.64,2025-11-26
2720,385,Grocery,4,3435.05,2026-01-08
2721,385,Home & Kitchen,2,3633.19,2026-01-10
2722,385,Home & Kitchen,1,3136.7,2026-02-16
2723,385,Apparel,2,3482.88,2026-07-20
2724,386,Grocery,4,2901.26,2024-09-18
2725,386,Beauty,4,3775.1,2024-09-21
2726,386,Sports,4,2625.95,2024-10-06
2727,386,Apparel,3,351.69,2024-10-08
2728,386,Home & Kitchen,1,1199.31,2024-11-01
2729,386,Beauty,3,2539.54,2024-11-08
2730,386,Apparel,4,1227.82,2024-11-29
2731,386,Home & Kitchen,2,511.12,2025-01-09
2732,386,Sports,3,861.77,2025-01-29
2733,386,Home & Kitchen,4,3755.32,2025-03-02
2734,386,Sports,2,3553.99,2025-03-27
2735,386,Beauty,1,2668.27,2025-03-30
2736,386,Beauty,4,3656.42,2025-06-20
2737,386,Beauty,3,2957.75,2025-07-22
2738,386,Electronics,3,1924.55,2025-08-08
2739,386,Electronics,2,2590.21,2025-08-26
2740,386,Apparel,4,3624.04,2025-09-15
2741,386,Home & Kitchen,3,400.81,2025-09-22
2742,386,Sports,1,322.28,2025-12-18
2743,386,Electronics,2,1483.06,2026-03-19
2744,386,Beauty,1,975.11,2026-05-06
2745,386,Sports,1,3062.64,2026-07-30
2746,387,Beauty,4,2489.29,2025-07-13
2747,388,Electronics,1,2409.5,2025-09-30
2748,388,Apparel,4,312.7,2025-11-02
2749,388,Electronics,2,3252.9,2025-11-24
2750,388,Sports,2,2198.56,2026-01-12
2751,388,Apparel,3,3838.15,2026-02-14
2752,388,Home & Kitchen,4,2935.59,2026-02-25
2753,388,Home & Kitchen,3,536.92,2026-03-05
2754,388,Beauty,3,3730.32,2026-03-20
2755,388,Home & Kitchen,1,3699.48,2026-04-18
2756,388,Beauty,4,3143.98,2026-05-16
2757,388,Grocery,4,3521.94,2026-05-19
2758,388,Electronics,4,1593.83,2026-06-21
2759,389,Electronics,1,275.6,2024-10-03
2760,389,Apparel,1,2907.85,2024-10-16
2761,389,Electronics,4,3057.77,2024-11-05
2762,389,Apparel,1,3325.93,2024-11-11
2763,389,Home & Kitchen,4,3399.89,2024-12-20
2764,389,Home & Kitchen,3,1154.8,2025-01-10
2765,389,Beauty,2,1844.03,2025-01-30
2766,389,Sports,1,2231.03,2025-02-09
2767,389,Electronics,2,3816.93,2025-02-28
2768,389,Home & Kitchen,3,3267.68,2025-03-03
2769,389,Electronics,1,2891.25,2025-03-13
2770,389,Grocery,4,1927.05,2025-03-30
2771,389,Apparel,2,2024.36,2025-03-30
2772,389,Sports,3,1820.32,2025-05-05
2773,389,Electronics,2,2724.48,2025-07-12
2774,389,Apparel,4,1183.41,2025-07-24
2775,389,Apparel,4,361.44,2025-07-29
2776,389,Apparel,3,1475.91,2025-08-12
2777,389,Home & Kitchen,3,1515.44,2025-09-11
2778,389,Grocery,1,789.53,2025-09-17
2779,389,Sports,4,1751.71,2025-09-23
2780,389,Electronics,4,2150.79,2025-10-10
2781,389,Sports,4,1862.73,2026-02-04
2782,389,Apparel,4,1988.44,2026-02-20
2783,389,Grocery,2,826.99,2026-03-26
2784,389,Home & Kitchen,1,573.42,2026-04-13
2785,389,Beauty,3,1546.64,2026-04-16
2786,389,Apparel,4,911.81,2026-06-08
2787,389,Apparel,4,882.35,2026-07-10
2788,389,Beauty,2,1458.42,2026-07-17
2789,390,Grocery,1,610.9,2024-12-18
2790,390,Beauty,3,3492.98,2025-03-15
2791,390,Home & Kitchen,1,595.29,2025-04-04
2792,390,Electronics,4,3767.76,2025-07-18
2793,390,Electronics,2,3476.3,2025-12-29
2794,390,Grocery,4,779.37,2026-03-15
2795,390,Grocery,3,2612.21,2026-05-26
2796,390,Beauty,1,2853.03,2026-06-17
2797,390,Electronics,4,3542.76,2026-06-24
2798,390,Grocery,1,3792.77,2026-07-16
2799,391,Beauty,3,1280.28,2024-10-14
2800,391,Apparel,3,3992.6,2024-11-20
2801,391,Sports,3,3360.01,2025-03-22
2802,391,Grocery,2,195.08,2025-05-14
2803,391,Beauty,1,220.5,2025-09-24
2804,391,Sports,1,1192.2,2025-10-01
2805,391,Home & Kitchen,2,2669.26,2025-10-10
2806,391,Apparel,3,3109.76,2025-12-23
2807,391,Apparel,4,3441.55,2026-03-25
2808,391,Apparel,3,1917.3,2026-06-24
2809,392,Apparel,3,201.38,2026-06-16
2810,393,Grocery,3,3730.82,2024-10-15
2811,393,Apparel,3,1156.91,2024-10-18
2812,393,Beauty,2,2690.72,2024-11-06
2813,393,Apparel,4,3292.08,2024-12-14
2814,393,Grocery,4,2217.64,2025-06-02
2815,393,Beauty,2,2172.76,2025-12-17
2816,393,Sports,4,1559.99,2026-01-02
2817,393,Apparel,1,1659.02,2026-01-02
2818,393,Home & Kitchen,3,3356.49,2026-02-03
2819,393,Apparel,4,2796.96,2026-02-24
2820,393,Sports,4,3277.75,2026-03-16
2821,393,Beauty,4,2457.76,2026-03-21
2822,393,Electronics,4,3582.23,2026-04-09
2823,393,Electronics,1,617.16,2026-04-13
2824,393,Grocery,4,2715.52,2026-07-13
2825,393,Beauty,1,3657.12,2026-07-15
2826,394,Electronics,1,1602.1,2025-01-09
2827,394,Apparel,1,2553.15,2025-02-14
2828,394,Apparel,2,3102.63,2025-04-28
2829,394,Home & Kitchen,4,3564.82,2025-06-17
2830,394,Apparel,3,3154.84,2025-08-06
2831,394,Sports,1,3893.24,2025-08-16
2832,394,Home & Kitchen,3,2241.04,2025-11-18
2833,394,Electronics,3,871.52,2025-11-23
2834,394,Beauty,2,619.35,2026-07-23
2835,395,Electronics,4,2385.91,2025-06-16
2836,395,Electronics,4,3242.21,2025-06-29
2837,395,Grocery,3,1858.03,2025-06-30
2838,395,Home & Kitchen,2,348.43,2025-06-30
2839,395,Home & Kitchen,3,573.9,2025-07-19
2840,396,Home & Kitchen,1,3774.9,2025-07-10
2841,396,Electronics,1,3685.81,2025-10-27
2842,396,Grocery,3,3887.57,2025-10-28
2843,396,Sports,4,2171.5,2025-11-16
2844,396,Beauty,2,3685.51,2025-11-21
2845,396,Sports,2,1430.81,2025-12-02
2846,396,Sports,3,695.82,2025-12-20
2847,397,Grocery,2,3643.03,2026-02-24
2848,397,Apparel,4,3839.58,2026-06-10
2849,398,Beauty,3,1794.44,2026-06-14
2850,399,Grocery,2,853.57,2026-04-17
2851,399,Beauty,4,2319.86,2026-04-23
2852,399,Beauty,1,2854.42,2026-04-25
2853,399,Beauty,3,1993.83,2026-04-28
2854,399,Beauty,2,1115.25,2026-05-07
2855,399,Home & Kitchen,1,494.69,2026-05-20
2856,399,Home & Kitchen,1,3727.01,2026-05-23
2857,399,Sports,3,191.72,2026-06-13
2858,399,Grocery,4,2178.1,2026-07-03
2859,399,Apparel,3,1449.25,2026-07-07
2860,399,Apparel,2,1692.14,2026-07-13
2861,400,Grocery,3,1988.04,2025-08-18
2862,400,Sports,2,2695.33,2025-09-03
2863,400,Apparel,3,799.59,2025-09-08
2864,400,Sports,3,3898.36,2025-10-13
2865,400,Apparel,2,1655.56,2025-11-08
2866,400,Sports,3,3291.28,2025-11-09
2867,400,Apparel,4,607.03,2026-01-09
2868,401,Beauty,3,2338.14,2026-05-31
2869,402,Grocery,2,1404.5,2026-05-13
2870,402,Home & Kitchen,4,1092.47,2026-05-22
2871,402,Electronics,4,2872.19,2026-05-28
2872,402,Electronics,4,2602.91,2026-05-31
2873,402,Home & Kitchen,1,2901.81,2026-06-02
2874,403,Electronics,4,672.29,2025-07-09
2875,403,Grocery,2,3809.86,2025-08-11
2876,403,Sports,1,2303.71,2025-12-07
2877,403,Sports,3,379.32,2026-02-18
2878,403,Home & Kitchen,4,3116.09,2026-07-05
2879,403,Grocery,2,2331.74,2026-07-07
2880,404,Apparel,4,3305.52,2025-11-15
2881,404,Electronics,4,2149.67,2026-03-16
2882,404,Sports,3,245.16,2026-04-23
2883,404,Apparel,3,2321.01,2026-04-26
2884,404,Apparel,4,3556.85,2026-05-02
2885,404,Beauty,1,696.22,2026-05-05
2886,404,Apparel,2,3152.75,2026-05-09
2887,404,Beauty,1,3130.03,2026-05-16
2888,404,Beauty,3,3528.44,2026-06-07
2889,404,Home & Kitchen,2,1699.17,2026-06-28
2890,405,Apparel,3,3673.81,2025-10-10
2891,405,Electronics,4,1360.03,2025-10-13
2892,405,Home & Kitchen,4,2940.48,2026-02-26
2893,405,Grocery,2,963.7,2026-03-13
2894,405,Electronics,3,2101.73,2026-06-06
2895,405,Grocery,3,647.71,2026-07-16
2896,405,Grocery,4,3464.81,2026-07-24
2897,406,Home & Kitchen,4,1228.78,2025-11-11
2898,406,Apparel,4,2722.27,2025-12-08
2899,406,Home & Kitchen,1,1333.92,2025-12-30
2900,406,Apparel,3,2682.79,2026-03-10
2901,406,Sports,1,751.31,2026-04-24
2902,406,Electronics,1,3765.68,2026-04-25
2903,406,Apparel,3,958.66,2026-05-31
2904,406,Beauty,3,170.06,2026-07-03
2905,406,Home & Kitchen,3,3777.06,2026-07-03
2906,406,Sports,4,1469.08,2026-07-10
2907,407,Home & Kitchen,2,2602.13,2024-12-30
2908,407,Home & Kitchen,4,3153.98,2025-01-06
2909,407,Home & Kitchen,4,3426.32,2025-01-11
2910,407,Apparel,3,382.88,2025-01-13
2911,407,Apparel,4,1469.29,2025-02-05
2912,407,Home & Kitchen,3,1587.01,2025-03-16
2913,407,Home & Kitchen,2,2288.15,2025-04-12
2914,407,Apparel,3,1290.8,2025-05-01
2915,407,Beauty,3,1047.0,2025-06-16
2916,407,Beauty,3,1040.6,2025-07-02
2917,407,Beauty,2,297.78,2025-07-29
2918,407,Grocery,2,1393.85,2025-07-30
2919,407,Home & Kitchen,1,1346.29,2026-01-06
2920,407,Home & Kitchen,1,3500.14,2026-01-19
2921,407,Apparel,3,315.94,2026-01-29
2922,407,Sports,2,2093.71,2026-04-12
2923,407,Sports,2,3728.68,2026-04-18
2924,407,Beauty,4,1621.03,2026-07-10
2925,407,Electronics,3,2149.55,2026-07-18
2926,408,Sports,1,408.04,2024-12-23
2927,408,Home & Kitchen,4,862.57,2025-01-10
2928,408,Sports,1,1570.55,2026-03-13
2929,408,Grocery,2,687.02,2026-04-16
2930,408,Electronics,1,3653.53,2026-06-14
2931,409,Electronics,3,1304.87,2026-03-08
2932,409,Home & Kitchen,2,3664.06,2026-03-23
2933,409,Grocery,1,2208.8,2026-03-24
2934,409,Beauty,1,3127.24,2026-06-20
2935,410,Sports,3,2048.13,2025-11-16
2936,410,Apparel,1,1217.37,2026-01-13
2937,410,Grocery,4,3587.34,2026-05-19
2938,410,Apparel,3,3267.06,2026-05-20
2939,410,Home & Kitchen,2,496.98,2026-06-17
2940,410,Sports,3,3354.08,2026-07-18
2941,411,Beauty,1,645.19,2025-06-26
2942,411,Apparel,2,689.47,2025-10-06
2943,411,Home & Kitchen,1,3255.06,2025-11-08
2944,411,Grocery,4,2963.84,2025-11-16
2945,411,Beauty,3,3698.85,2025-12-15
2946,411,Home & Kitchen,1,2538.78,2025-12-26
2947,411,Sports,2,3776.57,2026-03-09
2948,411,Sports,2,1067.22,2026-06-24
2949,412,Home & Kitchen,1,2478.99,2024-09-15
2950,412,Sports,3,3651.69,2025-04-07
2951,412,Beauty,2,1095.93,2025-10-03
2952,412,Sports,2,2121.56,2025-12-12
2953,412,Electronics,4,2837.08,2026-01-26
2954,412,Sports,3,1947.23,2026-02-14
2955,412,Home & Kitchen,2,3736.21,2026-06-26
2956,413,Home & Kitchen,3,3353.02,2025-03-07
2957,413,Home & Kitchen,1,2660.49,2025-04-19
2958,413,Home & Kitchen,1,2580.23,2025-04-22
2959,413,Electronics,3,2138.31,2025-08-02
2960,413,Sports,2,2232.41,2025-09-06
2961,413,Home & Kitchen,4,1505.98,2025-11-17
2962,413,Electronics,2,717.31,2026-01-03
2963,413,Grocery,2,349.18,2026-03-07
2964,413,Beauty,4,1479.43,2026-07-08
2965,414,Apparel,3,2469.87,2026-03-06
2966,414,Apparel,3,3211.14,2026-03-10
2967,414,Home & Kitchen,1,2996.3,2026-05-07
2968,415,Grocery,4,2345.88,2025-10-14
2969,415,Home & Kitchen,4,3468.74,2026-05-06
2970,415,Grocery,2,1233.92,2026-07-10
2971,416,Beauty,4,2611.93,2026-06-30
2972,416,Grocery,2,3805.2,2026-06-30
2973,416,Electronics,2,1352.45,2026-07-03
2974,416,Beauty,2,1485.26,2026-07-03
2975,416,Home & Kitchen,2,2063.4,2026-07-04
2976,416,Home & Kitchen,1,2473.5,2026-07-06
2977,416,Sports,3,2889.5,2026-07-07
2978,416,Beauty,1,307.69,2026-07-08
2979,416,Home & Kitchen,3,1570.4,2026-07-12
2980,416,Beauty,3,1192.51,2026-07-14
2981,416,Electronics,2,1162.42,2026-07-18
2982,417,Apparel,3,1056.27,2026-05-16
2983,418,Apparel,3,1571.19,2026-05-04
2984,418,Beauty,1,2147.78,2026-05-15
2985,418,Electronics,2,3988.38,2026-06-11
2986,418,Home & Kitchen,3,327.82,2026-06-24
2987,419,Grocery,1,285.11,2026-03-31
2988,419,Apparel,4,815.24,2026-05-27
2989,420,Apparel,4,894.53,2025-11-21
2990,421,Sports,4,2144.28,2026-01-27
2991,422,Electronics,2,1647.91,2025-07-28
2992,423,Beauty,1,1514.81,2026-04-01
2993,424,Beauty,2,886.7,2025-03-24
2994,424,Electronics,4,1884.59,2026-05-10
2995,425,Electronics,3,836.21,2025-07-11
2996,426,Home & Kitchen,4,3875.68,2024-10-28
2997,426,Sports,4,829.86,2024-11-21
2998,426,Beauty,4,2449.93,2024-11-25
2999,426,Sports,4,1278.76,2024-12-01
3000,426,Home & Kitchen,3,2522.19,2024-12-10
3001,426,Sports,1,2460.94,2025-03-01
3002,426,Electronics,3,3256.27,2026-01-05
3003,426,Home & Kitchen,4,252.35,2026-07-10
3004,427,Home & Kitchen,4,732.31,2025-02-24
3005,427,Grocery,2,1713.94,2025-07-13
3006,427,Beauty,3,2520.79,2026-05-19
3007,428,Electronics,3,1345.36,2025-10-21
3008,428,Sports,3,362.63,2025-12-10
3009,428,Beauty,4,582.9,2025-12-17
3010,428,Sports,2,1648.72,2025-12-29
3011,428,Apparel,3,2213.85,2025-12-29
3012,428,Electronics,2,3207.68,2026-01-01
3013,428,Home & Kitchen,1,3232.81,2026-04-19
3014,428,Sports,1,911.61,2026-06-24
3015,429,Electronics,2,755.18,2024-10-11
3016,429,Apparel,3,1121.07,2024-10-26
3017,429,Apparel,4,837.32,2024-11-09
3018,429,Apparel,2,3648.4,2024-12-02
3019,429,Grocery,3,3115.09,2025-02-16
3020,429,Beauty,4,3767.53,2025-07-14
3021,429,Electronics,3,1722.33,2025-12-23
3022,429,Beauty,1,3203.16,2026-02-16
3023,429,Electronics,3,2353.77,2026-04-19
3024,429,Grocery,1,3662.83,2026-06-20
3025,429,Sports,3,1800.74,2026-07-05
3026,430,Electronics,3,482.83,2026-02-28
3027,430,Apparel,2,2069.84,2026-04-01
3028,430,Beauty,3,2085.55,2026-04-11
3029,430,Electronics,4,3296.78,2026-04-18
3030,430,Apparel,3,2101.5,2026-04-21
3031,430,Electronics,4,536.32,2026-04-25
3032,430,Apparel,2,1076.92,2026-05-09
3033,430,Grocery,2,2288.64,2026-05-22
3034,430,Apparel,3,3653.93,2026-05-27
3035,430,Beauty,3,3898.32,2026-05-31
3036,430,Grocery,2,3155.51,2026-06-01
3037,430,Apparel,3,2961.2,2026-06-28
3038,430,Electronics,2,223.99,2026-07-01
3039,431,Electronics,2,3114.2,2025-03-08
3040,431,Home & Kitchen,1,3374.98,2025-05-03
3041,431,Home & Kitchen,2,2723.72,2025-06-01
3042,431,Apparel,1,3674.52,2025-08-30
3043,431,Apparel,3,3497.73,2025-09-06
3044,431,Grocery,1,3443.59,2025-10-14
3045,431,Grocery,1,2833.84,2025-12-02
3046,431,Grocery,2,3154.46,2026-02-02
3047,431,Grocery,4,420.69,2026-02-19
3048,431,Electronics,2,2369.59,2026-04-18
3049,431,Sports,3,3199.16,2026-06-21
3050,432,Grocery,2,883.44,2025-03-09
3051,432,Home & Kitchen,1,1121.29,2025-04-04
3052,432,Grocery,3,3481.19,2025-04-13
3053,432,Grocery,2,2643.67,2025-04-14
3054,432,Electronics,3,2695.66,2025-04-22
3055,432,Grocery,1,3056.96,2025-05-19
3056,432,Sports,1,1758.55,2025-05-27
3057,432,Beauty,3,3620.74,2025-07-31
3058,432,Apparel,4,2096.32,2025-09-07
3059,432,Electronics,1,1449.52,2025-09-08
3060,432,Beauty,2,286.25,2025-09-20
3061,432,Apparel,2,793.64,2025-09-23
3062,432,Beauty,2,1015.95,2025-10-04
3063,432,Electronics,1,1687.45,2025-10-25
3064,432,Beauty,2,3227.44,2025-11-01
3065,432,Sports,1,2795.43,2025-11-06
3066,432,Sports,3,1396.58,2025-11-13
3067,432,Electronics,3,929.57,2025-11-24
3068,432,Apparel,2,3195.62,2025-11-28
3069,432,Apparel,2,790.09,2025-12-02
3070,432,Home & Kitchen,3,3865.76,2025-12-23
3071,432,Beauty,1,695.47,2026-01-10
3072,432,Apparel,4,2225.56,2026-02-12
3073,432,Beauty,3,2481.85,2026-02-24
3074,432,Beauty,3,205.3,2026-03-05
3075,432,Sports,1,2466.54,2026-03-23
3076,432,Home & Kitchen,4,992.04,2026-04-06
3077,432,Beauty,1,1178.55,2026-05-01
3078,432,Home & Kitchen,1,456.84,2026-05-02
3079,432,Beauty,3,3789.21,2026-05-23
3080,432,Grocery,3,1120.54,2026-07-20
3081,433,Electronics,1,690.0,2026-01-20
3082,433,Apparel,4,965.35,2026-02-15
3083,433,Grocery,3,2915.08,2026-06-11
3084,433,Grocery,3,1316.57,2026-06-15
3085,434,Electronics,3,3982.35,2026-04-17
3086,435,Apparel,2,991.17,2025-11-15
3087,436,Apparel,1,762.96,2026-03-22
3088,436,Home & Kitchen,2,3864.69,2026-03-29
3089,436,Grocery,3,3556.42,2026-04-05
3090,436,Sports,2,2091.94,2026-04-11
3091,436,Home & Kitchen,1,1074.34,2026-04-12
3092,436,Grocery,1,2199.26,2026-04-20
3093,436,Grocery,3,814.57,2026-06-01
3094,436,Apparel,3,2361.24,2026-06-28
3095,436,Grocery,1,199.56,2026-06-28
3096,436,Grocery,2,3241.36,2026-07-06
3097,437,Electronics,3,1017.61,2025-12-17
3098,437,Electronics,2,188.15,2026-05-24
3099,438,Electronics,4,502.9,2025-10-14
3100,439,Grocery,2,1889.31,2026-03-23
3101,439,Electronics,4,3489.26,2026-03-28
3102,439,Grocery,2,2189.45,2026-03-28
3103,439,Apparel,2,729.65,2026-03-29
3104,439,Apparel,4,1032.22,2026-04-04
3105,439,Sports,1,575.07,2026-04-08
3106,439,Apparel,4,3672.0,2026-04-10
3107,439,Grocery,3,2185.26,2026-04-24
3108,439,Electronics,3,1576.02,2026-05-06
3109,439,Home & Kitchen,4,2295.8,2026-05-06
3110,439,Electronics,4,2823.94,2026-05-08
3111,439,Sports,3,2733.78,2026-05-12
3112,439,Grocery,4,3281.53,2026-05-18
3113,439,Apparel,3,1384.93,2026-05-19
3114,439,Beauty,2,904.36,2026-05-22
3115,439,Apparel,4,2020.29,2026-05-26
3116,439,Sports,1,2456.41,2026-05-28
3117,439,Electronics,4,3686.83,2026-06-03
3118,439,Apparel,4,3494.37,2026-06-17
3119,439,Beauty,1,2135.3,2026-07-03
3120,439,Electronics,3,2626.55,2026-07-04
3121,439,Grocery,2,293.23,2026-07-07
3122,439,Sports,4,3145.62,2026-07-12
3123,439,Grocery,4,1634.27,2026-07-17
3124,440,Grocery,4,3551.71,2026-02-08
3125,440,Beauty,2,3507.89,2026-03-14
3126,440,Apparel,1,2382.47,2026-04-09
3127,440,Electronics,2,2205.45,2026-04-30
3128,440,Apparel,2,1624.54,2026-05-21
3129,440,Electronics,3,2380.68,2026-05-23
3130,440,Apparel,4,2481.13,2026-06-21
3131,440,Electronics,4,3908.27,2026-07-10
3132,440,Electronics,4,572.07,2026-07-11
3133,440,Electronics,2,2337.09,2026-07-17
3134,441,Grocery,3,3902.46,2026-02-10
3135,441,Home & Kitchen,4,2350.84,2026-02-19
3136,441,Electronics,2,592.1,2026-04-06
3137,441,Apparel,3,2318.66,2026-04-12
3138,441,Electronics,2,2922.87,2026-05-21
3139,441,Sports,2,3149.88,2026-06-01
3140,441,Grocery,2,1410.59,2026-06-21
3141,441,Home & Kitchen,4,2379.31,2026-07-22
3142,442,Sports,4,370.9,2026-05-02
3143,442,Apparel,3,2379.6,2026-05-05
3144,442,Electronics,1,1316.2,2026-05-06
3145,443,Beauty,4,3901.06,2025-07-18
3146,443,Sports,4,3585.07,2025-07-23
3147,443,Electronics,1,2672.36,2025-07-23
3148,443,Home & Kitchen,2,704.77,2025-07-26
3149,443,Electronics,4,3627.16,2025-11-17
3150,443,Home & Kitchen,4,3819.48,2025-11-18
3151,443,Apparel,3,222.23,2026-01-04
3152,443,Beauty,1,582.75,2026-01-29
3153,443,Sports,1,2316.9,2026-02-18
3154,443,Electronics,2,669.06,2026-05-01
3155,443,Sports,1,325.53,2026-07-05
3156,443,Electronics,4,1808.42,2026-07-07
3157,444,Home & Kitchen,3,332.64,2025-09-27
3158,444,Apparel,2,1859.24,2026-05-10
3159,445,Grocery,4,2602.64,2025-10-13
3160,445,Home & Kitchen,2,1768.31,2025-11-13
3161,445,Home & Kitchen,4,1567.29,2025-12-16
3162,445,Sports,4,1846.12,2025-12-27
3163,445,Grocery,4,728.78,2026-01-29
3164,445,Grocery,4,1861.76,2026-02-01
3165,445,Electronics,1,2422.94,2026-03-02
3166,445,Apparel,1,919.5,2026-03-10
3167,445,Beauty,4,2166.59,2026-04-19
3168,445,Sports,2,705.65,2026-04-19
3169,445,Electronics,1,1035.14,2026-06-19
3170,446,Home & Kitchen,2,3548.12,2025-09-14
3171,446,Home & Kitchen,4,3749.9,2025-09-28
3172,446,Grocery,1,628.28,2025-11-04
3173,446,Grocery,4,2839.91,2026-05-27
3174,446,Beauty,1,1818.03,2026-06-09
3175,447,Beauty,1,2051.52,2026-01-26
3176,447,Sports,4,2225.23,2026-05-08
3177,448,Grocery,1,500.25,2025-11-21
3178,448,Beauty,2,781.03,2026-05-22
3179,449,Beauty,1,2961.19,2025-01-31
3180,449,Apparel,3,2870.3,2025-08-27
3181,449,Apparel,4,462.6,2025-11-26
3182,449,Sports,4,3456.38,2025-12-02
3183,449,Apparel,3,1696.09,2026-01-02
3184,449,Home & Kitchen,3,690.61,2026-01-18
3185,449,Grocery,3,2272.17,2026-01-30
3186,449,Sports,3,2880.59,2026-02-04
3187,449,Electronics,1,332.46,2026-04-08
3188,449,Home & Kitchen,1,458.07,2026-04-10
3189,449,Home & Kitchen,4,659.69,2026-04-30
3190,449,Electronics,2,2678.62,2026-06-15
3191,449,Grocery,2,3660.06,2026-07-16
3192,450,Sports,4,2408.5,2026-04-12
3193,451,Electronics,4,3929.54,2026-02-24
3194,452,Beauty,4,316.94,2026-02-18
3195,453,Sports,2,1327.68,2025-06-22
3196,453,Electronics,4,1613.34,2025-07-06
3197,453,Beauty,3,2327.42,2025-08-01
3198,453,Sports,1,618.69,2025-08-20
3199,453,Sports,4,201.54,2025-09-01
3200,453,Grocery,3,1985.86,2025-09-10
3201,453,Sports,3,2172.22,2025-09-18
3202,453,Beauty,4,3268.31,2025-09-20
3203,453,Sports,3,846.3,2025-10-04
3204,453,Apparel,4,1653.75,2025-10-18
3205,453,Apparel,2,2901.17,2025-11-01
3206,453,Apparel,3,3345.28,2025-11-14
3207,453,Sports,2,798.76,2026-02-10
3208,453,Electronics,1,2972.68,2026-02-17
3209,453,Beauty,2,3629.18,2026-03-02
3210,453,Beauty,3,411.39,2026-03-07
3211,453,Apparel,4,1397.55,2026-03-09
3212,453,Apparel,4,2765.91,2026-03-24
3213,453,Grocery,1,2551.26,2026-03-31
3214,453,Home & Kitchen,3,2366.97,2026-06-01
3215,453,Sports,1,3284.05,2026-07-02
3216,453,Sports,1,2534.24,2026-07-22
3217,453,Home & Kitchen,1,1642.37,2026-07-29
3218,454,Sports,3,2212.38,2025-11-22
3219,454,Grocery,1,3018.06,2025-11-27
3220,454,Apparel,2,3724.06,2025-11-28
3221,454,Apparel,4,587.85,2025-11-30
3222,454,Sports,2,2831.77,2025-12-03
3223,454,Electronics,1,3323.16,2025-12-06
3224,455,Sports,1,2799.26,2025-01-17
3225,455,Apparel,3,2774.56,2026-05-25
3226,456,Grocery,3,3715.28,2025-11-14
3227,456,Home & Kitchen,4,2811.87,2025-12-01
3228,456,Sports,1,3922.8,2025-12-21
3229,456,Grocery,2,1270.42,2026-01-10
3230,456,Sports,1,705.32,2026-01-21
3231,456,Home & Kitchen,1,2305.76,2026-02-09
3232,456,Home & Kitchen,2,1283.32,2026-04-23
3233,456,Sports,4,458.07,2026-05-16
3234,456,Home & Kitchen,2,3242.16,2026-06-21
3235,456,Apparel,4,2880.07,2026-07-05
3236,457,Apparel,3,3156.07,2026-05-25
3237,457,Beauty,3,3610.05,2026-05-26
3238,457,Home & Kitchen,1,3413.28,2026-06-04
3239,457,Home & Kitchen,1,796.97,2026-06-05
3240,458,Electronics,3,1781.1,2026-04-03
3241,458,Apparel,3,198.1,2026-04-10
3242,458,Sports,3,1927.49,2026-04-21
3243,458,Apparel,2,1867.99,2026-07-04
3244,458,Grocery,1,348.19,2026-07-06
3245,459,Home & Kitchen,3,1467.49,2025-12-29
3246,459,Beauty,2,1574.78,2026-01-14
3247,459,Grocery,1,1827.33,2026-02-19
3248,459,Beauty,3,3160.11,2026-03-16
3249,459,Apparel,4,676.64,2026-05-22
3250,460,Beauty,3,783.21,2026-03-07
3251,460,Apparel,3,3460.95,2026-03-19
3252,460,Sports,1,3835.45,2026-04-15
3253,460,Sports,1,201.48,2026-04-26
3254,460,Electronics,4,2123.87,2026-06-19
3255,460,Home & Kitchen,1,2672.87,2026-06-21
3256,460,Apparel,3,3980.28,2026-07-10
3257,460,Sports,4,3533.2,2026-07-12
3258,460,Apparel,3,3301.81,2026-07-13
3259,460,Grocery,3,1199.22,2026-07-23
3260,461,Grocery,4,3207.62,2025-05-07
3261,461,Home & Kitchen,1,2238.8,2025-06-01
3262,461,Home & Kitchen,2,938.66,2025-08-12
3263,461,Apparel,2,2767.84,2025-10-07
3264,461,Sports,4,524.74,2025-10-20
3265,461,Grocery,2,3030.42,2025-11-13
3266,461,Grocery,2,1643.27,2026-01-31
3267,461,Apparel,4,219.68,2026-02-28
3268,461,Electronics,4,1197.64,2026-04-05
3269,461,Apparel,4,3364.08,2026-05-04
3270,461,Sports,4,2533.51,2026-06-27
3271,462,Beauty,3,2276.91,2025-03-29
3272,462,Apparel,3,3446.49,2025-06-07
3273,462,Apparel,2,2554.81,2025-07-07
3274,462,Electronics,1,3220.25,2025-07-15
3275,462,Beauty,4,2799.36,2025-09-27
3276,462,Grocery,3,2308.24,2026-01-01
3277,462,Sports,2,3218.43,2026-05-13
3278,462,Grocery,1,2389.38,2026-06-02
3279,462,Electronics,1,3019.87,2026-07-01
3280,463,Home & Kitchen,2,805.95,2025-11-10
3281,464,Beauty,2,2935.55,2026-02-12
3282,464,Electronics,1,1529.38,2026-03-10
3283,464,Grocery,1,2994.52,2026-04-19
3284,464,Home & Kitchen,2,3030.09,2026-06-15
3285,465,Electronics,3,1805.36,2025-03-03
3286,465,Apparel,1,2702.13,2025-03-15
3287,465,Grocery,3,2541.7,2025-04-09
3288,465,Electronics,2,850.54,2025-04-11
3289,465,Electronics,1,795.18,2025-04-21
3290,465,Beauty,2,1449.53,2025-06-03
3291,465,Home & Kitchen,1,3401.52,2025-06-29
3292,465,Electronics,1,459.14,2025-09-16
3293,465,Electronics,1,1851.44,2025-09-26
3294,465,Beauty,3,463.37,2025-10-06
3295,465,Electronics,1,251.87,2025-10-09
3296,465,Grocery,2,3997.37,2025-11-06
3297,465,Grocery,4,3433.19,2025-11-29
3298,465,Sports,4,1000.99,2026-01-04
3299,465,Grocery,3,1754.56,2026-01-06
3300,465,Sports,2,3069.77,2026-02-20
3301,465,Grocery,3,2546.25,2026-02-28
3302,465,Home & Kitchen,2,3768.95,2026-03-11
3303,465,Grocery,3,2574.13,2026-03-12
3304,465,Apparel,4,3667.24,2026-04-07
3305,465,Grocery,1,1166.46,2026-04-14
3306,465,Beauty,4,2744.67,2026-06-03
3307,465,Grocery,4,1426.09,2026-06-04
3308,465,Beauty,4,1810.86,2026-07-14
3309,465,Grocery,4,3658.63,2026-07-16
3310,466,Apparel,2,646.48,2026-04-22
3311,466,Apparel,1,3789.17,2026-06-05
3312,467,Beauty,1,3383.71,2025-07-22
3313,467,Grocery,2,217.23,2026-02-01
3314,467,Grocery,3,3978.45,2026-02-25
3315,467,Apparel,3,3851.36,2026-03-01
3316,467,Home & Kitchen,1,1272.8,2026-05-21
3317,467,Home & Kitchen,4,1929.84,2026-07-09
3318,468,Electronics,4,1090.02,2026-05-12
3319,468,Home & Kitchen,2,1454.93,2026-05-13
3320,468,Grocery,3,685.0,2026-05-24
3321,468,Beauty,3,1056.73,2026-05-30
3322,468,Grocery,2,3548.26,2026-05-31
3323,468,Beauty,1,3847.9,2026-06-01
3324,468,Electronics,1,2793.97,2026-06-05
3325,468,Apparel,1,1861.59,2026-06-05
3326,468,Beauty,3,3604.58,2026-06-15
3327,468,Sports,4,1308.06,2026-06-22
3328,468,Apparel,4,2843.96,2026-06-23
3329,468,Sports,1,780.89,2026-06-25
3330,468,Apparel,3,1859.1,2026-06-29
3331,468,Apparel,2,2852.05,2026-06-30
3332,468,Beauty,3,3645.78,2026-07-01
3333,468,Home & Kitchen,2,3475.2,2026-07-03
3334,468,Home & Kitchen,3,457.1,2026-07-06
3335,468,Grocery,2,2980.6,2026-07-07
3336,468,Sports,1,613.83,2026-07-09
3337,468,Electronics,4,1381.69,2026-07-10
3338,468,Grocery,3,888.51,2026-07-11
3339,468,Sports,3,3351.32,2026-07-15
3340,468,Electronics,3,1070.92,2026-07-17
3341,468,Electronics,2,3447.2,2026-07-17
3342,468,Beauty,3,322.62,2026-07-17
3343,468,Sports,1,2501.26,2026-07-19
3344,468,Electronics,2,3003.62,2026-07-20
3345,468,Electronics,1,2477.56,2026-07-22
3346,468,Electronics,1,729.39,2026-07-24
3347,468,Grocery,1,2566.25,2026-07-25
3348,468,Beauty,2,1597.38,2026-07-26
3349,468,Home & Kitchen,1,3817.04,2026-07-27
3350,469,Beauty,1,3054.57,2024-11-03
3351,469,Electronics,2,2446.33,2025-02-03
3352,469,Electronics,1,2201.49,2025-03-05
3353,469,Apparel,1,2434.7,2025-03-16
3354,469,Apparel,2,2848.11,2025-03-26
3355,469,Beauty,2,292.39,2025-06-14
3356,469,Apparel,3,560.69,2025-12-23
3357,470,Home & Kitchen,1,291.26,2025-01-09
3358,470,Electronics,3,3686.92,2025-06-10
3359,470,Sports,3,3520.77,2025-06-22
3360,470,Sports,3,475.8,2025-06-23
3361,470,Grocery,3,3099.76,2025-10-08
3362,470,Beauty,2,2885.89,2026-01-22
3363,470,Electronics,2,545.55,2026-02-06
3364,470,Sports,4,945.53,2026-03-01
3365,470,Home & Kitchen,1,648.39,2026-06-18
3366,470,Electronics,2,1698.02,2026-06-27
3367,470,Grocery,1,777.43,2026-07-06
3368,470,Apparel,2,196.9,2026-07-10
3369,471,Grocery,4,3409.61,2025-05-07
3370,471,Grocery,1,3941.06,2026-01-22
3371,471,Beauty,3,2098.03,2026-02-08
3372,471,Beauty,2,2401.38,2026-06-07
3373,472,Sports,4,2559.19,2025-02-16
3374,472,Sports,3,3986.0,2025-03-12
3375,472,Home & Kitchen,2,3137.41,2025-06-10
3376,472,Apparel,2,1067.95,2025-09-17
3377,472,Grocery,1,2984.46,2025-10-05
3378,472,Home & Kitchen,2,3303.96,2026-02-04
3379,472,Electronics,2,672.75,2026-04-15
3380,472,Home & Kitchen,1,1682.83,2026-06-13
3381,472,Grocery,1,3910.22,2026-06-22
3382,473,Sports,4,3193.01,2025-08-02
3383,473,Home & Kitchen,1,1945.13,2025-08-07
3384,473,Beauty,4,1921.14,2025-08-10
3385,473,Apparel,1,482.87,2025-08-13
3386,473,Grocery,3,652.7,2025-08-20
3387,473,Grocery,1,1675.26,2025-08-26
3388,473,Grocery,1,3914.75,2025-09-04
3389,473,Grocery,4,167.61,2025-09-30
3390,473,Apparel,1,2903.91,2025-11-06
3391,473,Home & Kitchen,2,1091.7,2025-11-07
3392,473,Sports,4,3031.01,2025-11-10
3393,473,Electronics,3,2555.37,2025-11-14
3394,473,Home & Kitchen,1,3986.24,2025-11-17
3395,473,Sports,1,1642.86,2025-11-19
3396,473,Grocery,1,219.22,2025-12-01
3397,473,Sports,2,3092.65,2025-12-02
3398,473,Apparel,2,2412.7,2025-12-15
3399,473,Grocery,1,2206.79,2025-12-28
3400,473,Sports,1,586.93,2026-01-24
3401,473,Grocery,1,197.46,2026-02-10
3402,473,Apparel,1,1186.63,2026-02-23
3403,473,Home & Kitchen,4,3166.94,2026-03-12
3404,473,Apparel,3,3230.92,2026-04-02
3405,473,Beauty,4,1472.52,2026-04-13
3406,473,Electronics,1,2082.67,2026-04-13
3407,473,Home & Kitchen,3,1740.82,2026-04-15
3408,473,Beauty,3,998.31,2026-04-19
3409,473,Sports,4,3229.81,2026-05-16
3410,473,Home & Kitchen,3,1606.32,2026-06-05
3411,473,Sports,4,2468.87,2026-06-07
3412,473,Sports,4,1138.75,2026-07-13
3413,474,Sports,1,3964.82,2025-11-07
3414,475,Home & Kitchen,1,823.4,2025-11-15
3415,476,Grocery,4,2587.58,2025-03-10
3416,476,Apparel,2,2703.77,2025-03-18
3417,476,Grocery,3,2074.2,2025-04-20
3418,476,Electronics,3,3195.96,2025-05-29
3419,476,Electronics,4,3348.0,2025-07-31
3420,476,Apparel,1,3465.9,2026-01-03
3421,476,Apparel,4,2009.47,2026-02-13
3422,476,Beauty,4,1013.08,2026-04-05
3423,476,Grocery,1,1868.77,2026-05-18
3424,476,Grocery,1,654.05,2026-07-09
3425,477,Sports,4,3953.16,2024-12-19
3426,477,Home & Kitchen,1,1933.09,2026-06-10
3427,478,Home & Kitchen,4,2653.81,2025-09-08
3428,478,Sports,2,3483.78,2025-09-27
3429,478,Electronics,3,459.26,2025-10-25
3430,478,Sports,4,1554.2,2025-12-22
3431,478,Electronics,4,3329.64,2026-02-19
3432,478,Grocery,4,587.22,2026-03-28
3433,478,Home & Kitchen,3,1355.07,2026-05-23
3434,478,Home & Kitchen,4,592.5,2026-06-02
3435,478,Beauty,4,3895.34,2026-06-18
3436,478,Home & Kitchen,3,2262.72,2026-07-01
3437,479,Apparel,2,1713.48,2025-11-16
3438,479,Beauty,4,619.25,2025-12-01
3439,479,Home & Kitchen,1,2771.59,2026-03-15
3440,479,Home & Kitchen,3,1018.01,2026-04-23
3441,479,Home & Kitchen,3,1524.1,2026-05-26
3442,479,Beauty,1,1159.65,2026-06-06
3443,479,Sports,1,1887.7,2026-07-02
3444,480,Apparel,2,3651.89,2026-06-19
3445,481,Apparel,4,3797.61,2026-05-12
3446,482,Apparel,3,3814.56,2026-04-22
3447,483,Electronics,4,1212.76,2025-10-21
3448,483,Sports,1,1464.68,2025-11-07
3449,483,Sports,2,2641.55,2026-03-11
3450,483,Beauty,1,935.85,2026-06-10
3451,484,Grocery,3,3370.45,2025-02-04
3452,484,Sports,3,2037.44,2025-02-20
3453,484,Grocery,2,2957.36,2025-02-21
3454,484,Apparel,4,994.21,2025-02-27
3455,484,Apparel,3,3119.15,2025-03-05
3456,484,Home & Kitchen,4,1595.25,2025-03-15
3457,484,Grocery,2,320.82,2025-03-26
3458,484,Grocery,1,3016.27,2025-04-04
3459,484,Grocery,2,3659.43,2025-05-03
3460,484,Sports,2,3215.78,2025-05-10
3461,484,Home & Kitchen,2,3061.63,2025-05-22
3462,484,Sports,2,962.81,2025-06-28
3463,484,Apparel,1,1252.73,2025-07-11
3464,484,Home & Kitchen,1,3488.39,2025-07-21
3465,484,Grocery,4,3215.65,2025-10-05
3466,484,Sports,1,3547.62,2025-10-16
3467,484,Grocery,4,3392.26,2025-10-30
3468,484,Apparel,3,949.96,2025-11-11
3469,484,Grocery,2,1647.98,2026-01-10
3470,484,Sports,1,257.18,2026-01-15
3471,484,Home & Kitchen,4,1649.03,2026-01-29
3472,484,Beauty,3,563.29,2026-02-17
3473,484,Beauty,4,3043.34,2026-02-18
3474,484,Apparel,1,924.37,2026-03-07
3475,484,Grocery,3,369.02,2026-04-16
3476,484,Beauty,1,606.38,2026-06-01
3477,484,Electronics,1,3129.07,2026-06-12
3478,484,Electronics,4,2351.6,2026-07-24
3479,484,Electronics,2,3167.58,2026-07-27
3480,484,Sports,3,385.6,2026-07-28
3481,485,Home & Kitchen,3,3950.31,2026-05-04
3482,485,Grocery,2,2063.98,2026-05-20
3483,485,Beauty,3,2759.76,2026-05-27
3484,485,Sports,3,2639.74,2026-06-01
3485,485,Home & Kitchen,1,3961.78,2026-06-05
3486,485,Beauty,4,1064.21,2026-06-11
3487,485,Beauty,1,3692.89,2026-06-14
3488,485,Grocery,2,2393.31,2026-06-24
3489,485,Beauty,2,3805.48,2026-07-08
3490,485,Apparel,3,747.83,2026-07-18
3491,485,Grocery,4,3990.58,2026-07-18
3492,485,Electronics,3,2463.05,2026-07-19
3493,486,Apparel,1,696.31,2025-06-15
3494,486,Beauty,1,2117.21,2025-08-02
3495,486,Sports,2,3915.56,2025-10-02
3496,486,Grocery,4,2287.91,2026-05-06
3497,487,Grocery,2,252.88,2026-07-25
3498,488,Grocery,4,1666.94,2025-11-16
3499,488,Beauty,3,1517.66,2026-01-28
3500,488,Apparel,4,1013.24,2026-02-14
3501,488,Grocery,1,348.96,2026-02-15
3502,488,Grocery,2,2975.45,2026-03-30
3503,488,Beauty,2,3395.95,2026-04-23
3504,488,Electronics,3,2205.08,2026-06-27
3505,488,Grocery,2,304.3,2026-07-16
3506,489,Electronics,1,542.99,2026-05-18
3507,489,Grocery,3,2538.51,2026-05-31
3508,490,Grocery,2,1285.47,2026-05-01
3509,491,Apparel,2,2072.18,2025-10-16
3510,491,Apparel,4,3691.33,2025-10-17
3511,491,Grocery,1,1905.26,2025-10-19
3512,491,Grocery,3,1921.25,2025-10-24
3513,491,Grocery,4,920.73,2025-11-06
3514,491,Apparel,4,2542.51,2025-12-07
3515,491,Home & Kitchen,3,2780.88,2025-12-07
3516,491,Home & Kitchen,2,1859.16,2025-12-09
3517,491,Apparel,1,3252.9,2025-12-21
3518,491,Electronics,2,701.62,2025-12-22
3519,491,Beauty,4,1474.58,2025-12-26
3520,491,Apparel,4,1864.68,2026-01-02
3521,491,Home & Kitchen,3,3175.5,2026-01-11
3522,491,Grocery,3,3784.82,2026-01-15
3523,491,Apparel,4,3583.13,2026-01-19
3524,491,Home & Kitchen,3,648.51,2026-01-19
3525,491,Home & Kitchen,1,712.86,2026-02-15
3526,491,Electronics,3,3810.07,2026-02-28
3527,491,Grocery,3,1804.73,2026-04-07
3528,491,Home & Kitchen,1,1593.91,2026-04-10
3529,491,Beauty,1,1907.41,2026-05-24
3530,491,Apparel,2,3747.04,2026-05-29
3531,491,Apparel,2,3550.93,2026-06-01
3532,491,Sports,1,1482.19,2026-06-02
3533,491,Beauty,3,1870.23,2026-06-12
3534,491,Sports,1,1523.82,2026-06-13
3535,491,Beauty,3,3829.69,2026-06-23
3536,491,Electronics,1,494.9,2026-07-09
3537,491,Sports,4,2519.39,2026-07-16
3538,491,Electronics,2,1656.21,2026-07-22
3539,491,Electronics,2,2703.26,2026-07-23
3540,492,Sports,2,1137.24,2025-08-23
3541,492,Sports,1,924.76,2025-09-30
3542,492,Grocery,2,1835.02,2025-10-13
3543,492,Sports,2,3402.2,2025-10-23
3544,492,Beauty,2,3097.48,2025-12-27
3545,492,Home & Kitchen,2,1990.57,2026-05-14
3546,492,Sports,1,3584.43,2026-06-22
3547,493,Beauty,2,656.85,2026-04-26
3548,493,Apparel,3,2089.31,2026-04-30
3549,493,Grocery,2,1213.11,2026-05-06
3550,493,Home & Kitchen,2,3346.29,2026-05-21
3551,493,Electronics,1,703.05,2026-05-29
3552,493,Beauty,2,371.04,2026-06-06
3553,493,Beauty,4,3370.99,2026-06-30
3554,493,Sports,3,3965.35,2026-07-02
3555,493,Grocery,2,838.45,2026-07-04
3556,493,Sports,3,1939.1,2026-07-12
3557,494,Beauty,2,3887.21,2024-11-20
3558,494,Home & Kitchen,3,2000.8,2024-12-07
3559,494,Electronics,3,1620.98,2024-12-07
3560,494,Apparel,1,3175.34,2025-04-18
3561,494,Home & Kitchen,4,593.84,2025-04-27
3562,494,Beauty,2,2562.33,2025-05-10
3563,494,Electronics,1,3490.65,2025-07-22
3564,495,Grocery,3,809.33,2024-12-21
3565,495,Home & Kitchen,1,2895.71,2025-03-12
3566,495,Apparel,3,3952.37,2025-05-22
3567,495,Electronics,3,409.59,2025-06-25
3568,495,Home & Kitchen,1,3886.74,2025-08-22
3569,495,Sports,3,786.66,2025-09-27
3570,495,Electronics,2,903.16,2025-10-01
3571,495,Sports,4,2966.9,2026-02-05
3572,495,Beauty,4,2680.95,2026-04-18
3573,495,Beauty,2,3659.7,2026-04-22
3574,495,Sports,2,2983.12,2026-05-19
3575,495,Grocery,1,1215.52,2026-07-10
3576,496,Electronics,4,1750.32,2025-12-17
3577,496,Home & Kitchen,1,3211.21,2026-01-02
3578,496,Beauty,2,3146.87,2026-01-10
3579,496,Home & Kitchen,1,1505.65,2026-01-27
3580,496,Grocery,3,3733.65,2026-02-09
3581,496,Home & Kitchen,1,3930.47,2026-03-01
3582,496,Electronics,3,919.4,2026-03-18
3583,496,Apparel,1,3725.08,2026-03-20
3584,496,Beauty,3,2931.84,2026-03-22
3585,496,Grocery,2,488.02,2026-03-23
3586,496,Apparel,2,2627.72,2026-04-06
3587,496,Apparel,2,3843.91,2026-04-12
3588,496,Beauty,4,221.33,2026-04-18
3589,496,Electronics,2,3617.13,2026-04-25
3590,496,Electronics,3,3239.02,2026-04-30
3591,496,Apparel,1,3540.61,2026-05-03
3592,496,Beauty,3,1706.78,2026-05-13
3593,496,Sports,3,1091.37,2026-06-14
3594,496,Electronics,4,453.23,2026-06-23
3595,496,Grocery,2,2915.09,2026-07-01
3596,496,Electronics,2,3550.41,2026-07-03
3597,496,Electronics,4,2769.24,2026-07-16
3598,496,Apparel,2,1841.09,2026-07-19
3599,497,Electronics,1,1146.02,2026-01-31
3600,497,Sports,3,2237.23,2026-04-25
3601,497,Sports,2,1405.05,2026-06-18
3602,498,Grocery,4,3728.08,2026-03-31
3603,498,Home & Kitchen,4,1478.26,2026-04-23
3604,498,Beauty,2,664.32,2026-06-28
3605,498,Home & Kitchen,1,391.23,2026-06-29
3606,499,Beauty,4,691.21,2025-09-23
3607,499,Home & Kitchen,3,2648.74,2026-01-16
3608,499,Electronics,1,1193.5,2026-01-27
3609,499,Beauty,3,2757.89,2026-02-08
3610,499,Electronics,3,2696.35,2026-02-15
3611,499,Home & Kitchen,1,371.22,2026-07-04
3612,500,Sports,3,1547.02,2025-10-25
3613,501,Home & Kitchen,2,1074.55,2025-03-11
3614,501,Apparel,2,3323.88,2025-10-19
3615,501,Home & Kitchen,1,1100.92,2026-02-28
3616,501,Electronics,4,3268.69,2026-04-10
3617,501,Apparel,3,1733.2,2026-04-18
3618,501,Apparel,1,2208.73,2026-06-19
3619,501,Sports,4,2742.53,2026-06-28
3620,502,Beauty,3,1821.31,2025-09-14
3621,503,Electronics,2,1396.91,2025-12-18
3622,503,Beauty,1,2127.49,2026-01-15
3623,503,Apparel,2,164.16,2026-01-21
3624,503,Sports,4,3493.52,2026-02-22
3625,503,Electronics,2,1564.74,2026-03-02
3626,503,Apparel,3,562.2,2026-04-30
3627,503,Sports,4,3640.54,2026-05-23
3628,503,Grocery,2,2219.56,2026-06-30
3629,504,Apparel,1,1716.75,2025-08-23
3630,504,Apparel,1,1918.18,2025-08-29
3631,504,Home & Kitchen,2,3931.54,2025-09-07
3632,504,Grocery,2,2197.64,2025-09-07
3633,504,Sports,1,1236.13,2025-09-10
3634,504,Home & Kitchen,1,3897.71,2025-09-23
3635,504,Sports,1,2622.75,2025-09-27
3636,504,Apparel,4,3777.99,2025-10-10
3637,505,Electronics,3,3080.24,2025-02-18
3638,505,Grocery,3,896.9,2025-05-11
3639,505,Sports,4,1071.98,2025-06-06
3640,505,Sports,2,3363.73,2025-07-11
3641,505,Home & Kitchen,4,1164.75,2025-07-12
3642,505,Beauty,2,3422.38,2025-07-21
3643,505,Home & Kitchen,3,1026.56,2025-10-27
3644,505,Apparel,2,2584.18,2025-11-02
3645,505,Grocery,3,1336.79,2026-03-12
3646,505,Sports,1,3155.21,2026-05-04
3647,505,Electronics,2,1096.77,2026-05-18
3648,505,Home & Kitchen,2,1039.14,2026-05-28
3649,505,Apparel,1,1634.06,2026-06-28
3650,506,Electronics,3,548.14,2026-01-16
3651,507,Home & Kitchen,2,3801.36,2025-12-23
3652,508,Sports,4,3853.4,2025-02-21
3653,508,Home & Kitchen,3,930.48,2025-05-08
3654,508,Apparel,4,3247.04,2025-05-10
3655,508,Apparel,3,3139.02,2025-09-28
3656,508,Sports,2,3156.17,2026-01-05
3657,508,Grocery,1,2098.04,2026-03-12
3658,508,Grocery,2,971.12,2026-05-09
3659,508,Electronics,2,3557.08,2026-06-03
3660,508,Beauty,1,2042.49,2026-07-08
3661,509,Home & Kitchen,4,1330.24,2025-01-24
3662,509,Sports,4,2835.16,2025-02-09
3663,509,Apparel,3,637.54,2025-04-20
3664,509,Electronics,2,1515.64,2025-05-04
3665,509,Home & Kitchen,1,1414.25,2025-05-06
3666,509,Grocery,2,354.51,2025-05-08
3667,509,Sports,1,2515.67,2025-05-14
3668,509,Sports,4,2310.24,2025-07-06
3669,509,Beauty,4,3562.42,2025-07-08
3670,509,Beauty,1,573.83,2025-08-21
3671,509,Electronics,1,1994.27,2025-09-12
3672,509,Home & Kitchen,2,1535.76,2025-10-19
3673,509,Home & Kitchen,2,2475.48,2025-12-25
3674,509,Sports,1,259.77,2026-04-17
3675,509,Home & Kitchen,3,1237.47,2026-06-16
3676,509,Electronics,2,680.12,2026-07-21
3677,510,Home & Kitchen,1,1541.57,2025-05-30
3678,510,Beauty,3,1026.95,2025-07-19
3679,510,Grocery,2,2151.64,2025-11-02
3680,510,Home & Kitchen,1,3687.95,2026-02-18
3681,510,Apparel,2,967.83,2026-06-26
3682,511,Home & Kitchen,3,2305.3,2026-05-12
3683,511,Beauty,4,2013.16,2026-05-14
3684,511,Grocery,3,1054.22,2026-06-03
3685,512,Beauty,4,3508.5,2026-03-11
3686,512,Electronics,1,1790.6,2026-05-31
3687,513,Sports,1,373.27,2026-01-01
3688,514,Electronics,1,1000.62,2025-02-28
3689,514,Grocery,4,2901.09,2025-09-21
3690,514,Home & Kitchen,4,2328.8,2025-11-27
3691,514,Beauty,1,2155.36,2026-02-23
3692,514,Home & Kitchen,1,2653.81,2026-06-15
3693,515,Grocery,1,2197.73,2025-03-31
3694,515,Grocery,1,3646.73,2025-09-16
3695,515,Apparel,2,2754.43,2026-02-06
3696,515,Electronics,2,1068.27,2026-05-22
3697,515,Beauty,1,1761.4,2026-07-08
3698,516,Apparel,1,1922.61,2026-02-14
3699,516,Electronics,1,2305.94,2026-05-09
3700,517,Apparel,1,910.57,2026-02-09
3701,517,Home & Kitchen,2,3437.18,2026-05-29
3702,518,Beauty,2,2912.33,2025-10-15
3703,518,Home & Kitchen,3,1638.57,2025-12-29
3704,518,Electronics,4,3596.21,2026-05-17
3705,518,Grocery,3,1111.42,2026-06-30
3706,519,Grocery,1,3708.78,2026-04-28
3707,519,Electronics,4,2751.83,2026-05-03
3708,519,Grocery,3,2075.07,2026-05-04
3709,519,Home & Kitchen,2,1445.32,2026-05-14
3710,519,Beauty,3,3526.03,2026-05-21
3711,519,Home & Kitchen,1,2170.66,2026-06-01
3712,519,Home & Kitchen,3,867.13,2026-06-03
3713,519,Home & Kitchen,4,2907.8,2026-06-03
3714,519,Apparel,4,604.26,2026-06-08
3715,519,Home & Kitchen,3,1733.56,2026-06-14
3716,519,Sports,4,725.8,2026-06-15
3717,519,Electronics,4,2962.76,2026-06-18
3718,520,Sports,3,564.46,2025-02-21
3719,520,Beauty,1,3658.02,2025-03-07
3720,520,Home & Kitchen,1,488.91,2025-04-27
3721,520,Electronics,3,3362.07,2025-05-20
3722,520,Grocery,4,1925.74,2025-07-18
3723,520,Sports,2,1680.43,2025-08-31
3724,520,Electronics,2,1829.72,2025-11-01
3725,520,Electronics,3,2204.14,2025-11-29
3726,520,Apparel,1,3901.57,2025-12-28
3727,520,Grocery,3,2354.76,2026-01-14
3728,520,Home & Kitchen,3,338.02,2026-04-16
3729,520,Beauty,4,1572.31,2026-05-28
3730,520,Home & Kitchen,2,3762.17,2026-06-30
3731,521,Beauty,4,892.47,2024-12-12
3732,521,Home & Kitchen,3,1844.35,2024-12-15
3733,521,Home & Kitchen,1,3672.25,2024-12-24
3734,521,Grocery,1,2511.49,2025-02-18
3735,521,Sports,3,2370.54,2025-03-05
3736,521,Electronics,3,2645.83,2025-06-09
3737,521,Electronics,1,2472.07,2025-09-16
3738,521,Grocery,2,3712.51,2025-10-02
3739,521,Home & Kitchen,3,3163.13,2026-03-31
3740,521,Home & Kitchen,3,2277.3,2026-04-04
3741,521,Electronics,2,3943.83,2026-07-21
3742,522,Electronics,3,3942.29,2024-10-15
3743,522,Beauty,1,2958.49,2025-02-11
3744,522,Beauty,3,3974.58,2025-09-26
3745,522,Apparel,2,3334.84,2025-10-27
3746,522,Beauty,3,3229.71,2026-04-04
3747,522,Electronics,4,2644.24,2026-06-12
3748,522,Sports,2,2445.07,2026-07-07
3749,522,Electronics,4,3308.71,2026-07-11
3750,523,Home & Kitchen,3,473.08,2025-08-08
3751,524,Beauty,1,2089.91,2026-02-03
3752,524,Grocery,4,1046.39,2026-02-17
3753,524,Apparel,3,1721.05,2026-02-20
3754,524,Home & Kitchen,4,665.03,2026-03-06
3755,524,Grocery,1,2248.91,2026-03-17
3756,524,Home & Kitchen,3,2367.04,2026-03-18
3757,524,Grocery,1,2037.88,2026-03-24
3758,524,Home & Kitchen,1,2741.98,2026-04-01
3759,524,Apparel,2,3850.27,2026-04-07
3760,524,Sports,2,348.76,2026-04-08
3761,524,Home & Kitchen,1,1418.24,2026-04-14
3762,524,Sports,2,3809.74,2026-04-17
3763,524,Apparel,4,1564.59,2026-04-28
3764,524,Grocery,2,410.9,2026-04-29
3765,524,Grocery,1,3008.39,2026-05-16
3766,524,Beauty,1,3172.31,2026-05-19
3767,524,Sports,2,2779.83,2026-05-24
3768,524,Sports,3,568.83,2026-06-21
3769,524,Home & Kitchen,4,3528.44,2026-06-26
3770,524,Grocery,1,3887.5,2026-07-02
3771,524,Electronics,4,2480.13,2026-07-04
3772,524,Home & Kitchen,3,327.88,2026-07-10
3773,524,Apparel,1,3638.12,2026-07-11
3774,524,Beauty,4,988.12,2026-07-17
3775,525,Sports,1,2723.83,2026-05-27
3776,525,Apparel,1,518.92,2026-05-29
3777,525,Electronics,2,285.46,2026-05-31
3778,525,Sports,3,2779.84,2026-06-04
3779,525,Sports,2,2834.18,2026-06-12
3780,525,Sports,1,490.31,2026-06-19
3781,525,Electronics,2,259.67,2026-06-24
3782,525,Apparel,4,3582.1,2026-07-04
3783,525,Beauty,1,3226.75,2026-07-05
3784,526,Beauty,4,3627.69,2025-01-18
3785,526,Sports,4,3434.02,2026-05-17
3786,526,Beauty,4,3639.05,2026-06-02
3787,527,Electronics,2,2272.69,2025-08-27
3788,527,Beauty,4,1132.38,2025-09-05
3789,527,Sports,4,2988.85,2025-11-28
3790,527,Electronics,3,1563.48,2025-12-13
3791,527,Sports,3,360.29,2025-12-26
3792,527,Apparel,2,3651.19,2026-02-07
3793,527,Electronics,1,2039.9,2026-02-20
3794,527,Sports,1,983.22,2026-03-25
3795,527,Sports,2,3666.63,2026-04-20
3796,527,Home & Kitchen,4,2605.98,2026-05-11
3797,527,Apparel,1,691.84,2026-07-05
3798,527,Beauty,4,2433.48,2026-07-23
3799,528,Beauty,2,2289.38,2024-11-30
3800,528,Sports,3,1401.53,2025-01-20
3801,528,Apparel,3,1889.57,2025-01-21
3802,528,Sports,1,2165.87,2025-03-25
3803,528,Electronics,2,2801.86,2025-12-17
3804,528,Electronics,4,335.1,2025-12-31
3805,528,Home & Kitchen,3,2858.48,2026-02-23
3806,528,Apparel,2,1812.56,2026-07-13
3807,529,Electronics,3,489.02,2026-05-08
3808,529,Apparel,2,3591.33,2026-05-19
3809,529,Apparel,1,2158.55,2026-05-19
3810,529,Grocery,3,612.11,2026-05-24
3811,529,Sports,1,1392.75,2026-05-29
3812,529,Apparel,3,636.11,2026-06-15
3813,529,Electronics,4,2776.09,2026-06-28
3814,530,Electronics,4,1830.81,2025-02-14
3815,530,Electronics,3,1729.18,2025-02-26
3816,530,Beauty,3,2567.25,2025-08-20
3817,530,Beauty,4,3882.3,2025-10-07
3818,530,Home & Kitchen,4,2354.25,2026-05-16
3819,531,Home & Kitchen,4,3942.25,2025-11-23
3820,531,Apparel,1,2739.24,2026-02-28
3821,531,Beauty,1,564.99,2026-06-24
3822,532,Sports,4,1520.47,2024-10-12
3823,532,Home & Kitchen,1,1243.57,2024-10-15
3824,532,Beauty,1,2931.11,2024-10-25
3825,532,Grocery,3,1750.4,2024-12-27
3826,532,Grocery,4,1424.91,2025-03-02
3827,532,Beauty,1,278.06,2025-03-31
3828,532,Sports,1,1879.99,2025-04-25
3829,532,Grocery,2,1860.35,2025-07-06
3830,532,Grocery,1,251.16,2025-12-20
3831,533,Apparel,2,3174.95,2026-01-13
3832,534,Electronics,2,1913.33,2026-05-20
3833,535,Beauty,1,1108.69,2026-01-11
3834,535,Apparel,1,2642.77,2026-01-25
3835,535,Apparel,4,3315.96,2026-04-06
3836,535,Sports,3,781.14,2026-05-19
3837,536,Home & Kitchen,1,1873.14,2025-06-30
3838,536,Sports,2,2165.43,2026-05-11
3839,537,Electronics,4,1099.09,2026-04-02
3840,537,Grocery,1,1070.54,2026-04-05
3841,537,Home & Kitchen,1,2613.93,2026-04-06
3842,537,Home & Kitchen,3,3719.16,2026-04-20
3843,537,Apparel,3,683.93,2026-04-25
3844,537,Beauty,4,570.96,2026-05-31
3845,537,Electronics,4,888.06,2026-06-05
3846,537,Beauty,3,506.72,2026-06-15
3847,537,Apparel,4,3022.24,2026-06-16
3848,537,Sports,4,2839.64,2026-06-18
3849,537,Home & Kitchen,1,880.08,2026-07-05
3850,537,Apparel,4,1727.99,2026-07-13
3851,538,Grocery,4,2177.1,2025-12-26
3852,538,Electronics,2,1293.39,2026-02-15
3853,538,Grocery,2,975.96,2026-03-24
3854,539,Sports,4,486.28,2026-01-29
3855,539,Beauty,2,593.61,2026-02-11
3856,539,Grocery,4,2885.81,2026-02-17
3857,539,Sports,4,1372.21,2026-02-26
3858,539,Electronics,3,3563.39,2026-02-26
3859,539,Electronics,1,3230.79,2026-02-28
3860,539,Sports,4,1823.5,2026-03-01
3861,539,Beauty,4,3067.48,2026-03-08
3862,539,Sports,1,3876.36,2026-03-10
3863,539,Electronics,4,1136.74,2026-03-10
3864,539,Beauty,4,2250.15,2026-03-14
3865,539,Grocery,3,3131.7,2026-03-16
3866,539,Grocery,4,1136.79,2026-03-18
3867,539,Apparel,1,3379.31,2026-03-23
3868,539,Home & Kitchen,2,2272.01,2026-03-25
3869,539,Home & Kitchen,2,3530.82,2026-04-09
3870,539,Sports,3,2861.73,2026-04-15
3871,539,Sports,4,160.97,2026-05-07
3872,539,Sports,3,2475.75,2026-05-08
3873,539,Electronics,1,793.41,2026-05-26
3874,539,Beauty,1,1745.15,2026-05-31
3875,539,Home & Kitchen,4,1094.93,2026-06-15
3876,539,Sports,4,410.01,2026-06-17
3877,539,Grocery,2,1043.57,2026-06-18
3878,539,Beauty,4,792.8,2026-06-22
3879,539,Home & Kitchen,4,2145.66,2026-06-22
3880,539,Grocery,2,1759.02,2026-07-06
3881,539,Electronics,1,2491.4,2026-07-11
3882,539,Sports,3,1852.89,2026-07-12
3883,539,Beauty,4,3101.09,2026-07-20
3884,540,Grocery,2,1859.66,2026-04-09
3885,540,Beauty,4,886.05,2026-04-20
3886,540,Beauty,4,512.9,2026-05-05
3887,540,Electronics,2,2806.95,2026-05-08
3888,540,Sports,4,350.21,2026-05-08
3889,540,Electronics,2,3153.21,2026-05-15
3890,540,Apparel,3,791.31,2026-05-21
3891,540,Sports,1,927.43,2026-05-21
3892,540,Sports,4,660.0,2026-05-29
3893,540,Grocery,1,1077.94,2026-06-05
3894,540,Grocery,4,1992.98,2026-06-29
3895,540,Beauty,1,507.18,2026-06-30
3896,541,Electronics,3,2962.22,2025-08-18
3897,541,Sports,4,2636.0,2026-02-25
3898,541,Beauty,2,2566.44,2026-03-11
3899,541,Apparel,2,3193.54,2026-05-11
3900,541,Apparel,4,3573.89,2026-06-04
3901,542,Home & Kitchen,1,230.43,2025-10-23
3902,542,Beauty,2,3788.11,2026-05-11
3903,542,Grocery,3,2376.21,2026-05-11
3904,542,Home & Kitchen,4,2590.26,2026-06-21
3905,543,Apparel,3,1264.3,2026-04-15
3906,543,Grocery,2,3780.62,2026-04-17
3907,543,Grocery,4,1518.41,2026-04-20
3908,543,Sports,3,426.67,2026-05-29
3909,543,Electronics,4,439.88,2026-06-17
3910,543,Apparel,3,1370.42,2026-07-02
3911,543,Home & Kitchen,1,704.29,2026-07-08
3912,543,Grocery,4,1005.37,2026-07-17
3913,543,Sports,2,750.78,2026-07-19
3914,543,Beauty,2,3307.72,2026-07-21
3915,543,Electronics,1,2899.53,2026-07-22
3916,544,Sports,2,2609.79,2025-01-08
3917,544,Apparel,4,2932.61,2025-03-05
3918,544,Grocery,2,2518.38,2025-10-10
3919,544,Home & Kitchen,3,980.47,2025-11-22
3920,544,Sports,4,1023.7,2025-12-24
3921,545,Apparel,3,2010.51,2024-10-08
3922,545,Grocery,1,3281.29,2025-08-04
3923,545,Electronics,1,2169.39,2025-12-15
3924,545,Apparel,4,3794.54,2026-07-09
3925,546,Home & Kitchen,3,3139.55,2025-08-24
3926,546,Sports,3,1382.04,2026-05-16
3927,547,Beauty,3,1345.17,2024-11-28
3928,547,Beauty,4,2358.59,2024-12-13
3929,547,Sports,1,1684.55,2025-01-11
3930,547,Beauty,4,2547.33,2025-01-27
3931,547,Sports,1,699.46,2025-02-07
3932,547,Beauty,1,522.76,2025-03-06
3933,547,Apparel,3,2336.1,2025-03-20
3934,547,Apparel,3,174.77,2025-04-11
3935,547,Electronics,3,3069.7,2025-04-19
3936,547,Apparel,3,3142.58,2025-04-23
3937,547,Apparel,4,2266.18,2025-04-26
3938,547,Apparel,3,483.61,2025-04-30
3939,547,Electronics,2,2125.96,2025-05-27
3940,547,Beauty,1,3171.2,2025-06-03
3941,547,Beauty,4,1615.78,2025-06-29
3942,547,Beauty,1,1018.89,2025-07-08
3943,547,Electronics,2,2472.68,2025-07-12
3944,547,Apparel,2,3991.77,2025-07-27
3945,547,Sports,1,2334.86,2025-07-30
3946,547,Beauty,2,2395.82,2025-09-06
3947,547,Electronics,3,3500.67,2025-10-18
3948,547,Electronics,3,1727.53,2025-11-07
3949,547,Electronics,3,988.82,2025-11-28
3950,547,Electronics,2,929.92,2026-01-26
3951,547,Beauty,1,318.13,2026-04-15
3952,547,Electronics,3,3609.57,2026-04-19
3953,547,Sports,3,3692.23,2026-05-23
3954,547,Apparel,2,1123.6,2026-05-26
3955,547,Electronics,2,985.45,2026-06-10
3956,547,Home & Kitchen,4,3886.53,2026-07-11
3957,547,Sports,1,1873.61,2026-07-17
3958,547,Grocery,3,3956.78,2026-07-18
3959,548,Sports,2,3826.93,2026-05-03
3960,549,Apparel,4,3354.68,2026-04-29
3961,549,Grocery,1,1107.99,2026-04-30
3962,549,Home & Kitchen,3,814.06,2026-05-02
3963,549,Beauty,1,3490.5,2026-05-10
3964,549,Apparel,1,3580.21,2026-05-14
3965,549,Home & Kitchen,3,1672.45,2026-05-22
3966,549,Beauty,2,1661.24,2026-05-30
3967,549,Beauty,4,2380.64,2026-05-30
3968,549,Electronics,1,2314.81,2026-06-03
3969,549,Beauty,2,3623.16,2026-06-06
3970,549,Grocery,1,2056.6,2026-06-18
3971,549,Apparel,1,1165.37,2026-06-24
3972,549,Apparel,3,2513.73,2026-06-24
3973,549,Electronics,4,748.71,2026-07-05
3974,549,Grocery,2,544.92,2026-07-15
3975,549,Electronics,3,553.16,2026-07-30
3976,550,Electronics,2,3513.3,2025-05-11
3977,550,Sports,4,1642.78,2025-09-18
3978,550,Electronics,4,1607.8,2025-11-09
3979,550,Electronics,1,1030.31,2025-12-02
3980,550,Apparel,2,1853.21,2025-12-12
3981,550,Sports,1,2859.83,2026-03-03
3982,550,Beauty,1,2652.54,2026-06-20
3983,551,Sports,1,2517.54,2025-04-26
3984,551,Beauty,1,2139.72,2025-08-06
3985,551,Beauty,3,3293.66,2025-09-07
3986,551,Sports,1,745.57,2025-11-06
3987,552,Sports,1,1068.55,2026-01-19
3988,552,Apparel,4,3027.78,2026-01-30
3989,552,Electronics,3,789.63,2026-02-18
3990,552,Apparel,1,1422.19,2026-02-23
3991,553,Home & Kitchen,3,1065.48,2025-08-30
3992,553,Apparel,2,2990.79,2025-10-10
3993,553,Beauty,3,2031.04,2025-10-13
3994,553,Sports,1,3856.87,2025-11-08
3995,553,Grocery,1,753.62,2025-12-25
3996,553,Grocery,1,3471.97,2026-01-10
3997,553,Beauty,4,2442.1,2026-01-31
3998,553,Sports,4,268.36,2026-02-08
3999,554,Apparel,3,2620.85,2026-03-21
4000,555,Electronics,3,1759.72,2026-02-02
4001,555,Home & Kitchen,3,602.92,2026-03-14
4002,555,Home & Kitchen,3,1280.98,2026-05-20
4003,555,Sports,1,1051.64,2026-07-07
4004,555,Home & Kitchen,1,3840.86,2026-07-09
4005,555,Electronics,3,3825.1,2026-07-22
4006,556,Electronics,3,2055.06,2026-01-09
4007,556,Grocery,3,737.24,2026-01-23
4008,556,Electronics,1,852.58,2026-03-19
4009,556,Home & Kitchen,4,3975.81,2026-03-23
4010,556,Beauty,4,2276.05,2026-04-03
4011,556,Grocery,4,613.71,2026-04-05
4012,556,Home & Kitchen,2,3766.53,2026-04-13
4013,556,Grocery,2,760.13,2026-04-22
4014,556,Electronics,2,3107.41,2026-04-23
4015,556,Beauty,4,273.6,2026-04-28
4016,556,Sports,3,3384.65,2026-05-07
4017,556,Electronics,4,3689.32,2026-05-17
4018,556,Apparel,3,3418.23,2026-05-19
4019,556,Beauty,2,2424.9,2026-05-22
4020,556,Beauty,3,1852.3,2026-06-03
4021,556,Home & Kitchen,2,2872.7,2026-06-03
4022,556,Beauty,1,3359.33,2026-06-11
4023,556,Home & Kitchen,3,927.1,2026-06-20
4024,556,Electronics,2,3389.26,2026-06-26
4025,556,Home & Kitchen,2,3413.26,2026-07-18
4026,557,Apparel,2,1630.34,2025-05-24
4027,557,Sports,1,820.32,2025-12-04
4028,557,Apparel,2,452.32,2026-06-09
4029,557,Beauty,2,2068.13,2026-06-14
4030,558,Grocery,4,1040.24,2026-02-12
4031,558,Grocery,1,513.25,2026-02-13
4032,558,Electronics,4,954.31,2026-02-14
4033,558,Sports,4,258.17,2026-02-22
4034,558,Beauty,3,2178.83,2026-03-14
4035,558,Beauty,2,150.73,2026-03-17
4036,558,Electronics,3,2523.37,2026-03-23
4037,558,Electronics,4,3348.01,2026-04-02
4038,558,Sports,4,377.57,2026-04-02
4039,558,Apparel,4,2165.56,2026-04-06
4040,558,Sports,4,3647.65,2026-04-07
4041,558,Home & Kitchen,1,1728.86,2026-04-10
4042,558,Apparel,3,2468.41,2026-04-14
4043,558,Electronics,4,284.93,2026-04-19
4044,558,Electronics,3,2042.85,2026-05-01
4045,558,Electronics,1,2785.96,2026-05-01
4046,558,Grocery,3,591.48,2026-05-02
4047,558,Home & Kitchen,1,2028.4,2026-05-14
4048,558,Grocery,4,3349.56,2026-05-15
4049,558,Beauty,3,1675.8,2026-05-17
4050,558,Home & Kitchen,4,1975.76,2026-05-23
4051,558,Beauty,1,2453.38,2026-06-09
4052,558,Sports,1,3481.13,2026-06-16
4053,558,Electronics,3,2989.04,2026-06-20
4054,558,Electronics,4,3186.75,2026-06-21
4055,558,Home & Kitchen,4,3174.61,2026-06-23
4056,558,Beauty,2,260.47,2026-06-28
4057,558,Sports,2,2654.42,2026-07-03
4058,558,Beauty,2,3947.05,2026-07-06
4059,558,Sports,2,2877.45,2026-07-15
4060,559,Grocery,3,3866.09,2025-08-17
4061,559,Beauty,4,3283.16,2025-11-09
4062,559,Grocery,2,2758.58,2025-11-12
4063,559,Grocery,2,478.96,2026-01-04
4064,559,Sports,4,575.35,2026-01-18
4065,559,Beauty,4,1484.47,2026-01-26
4066,559,Home & Kitchen,3,3068.93,2026-02-08
4067,559,Home & Kitchen,2,1302.79,2026-02-27
4068,560,Sports,2,1283.54,2026-03-23
4069,560,Home & Kitchen,1,2470.42,2026-03-23
4070,560,Electronics,1,2261.19,2026-03-30
4071,560,Home & Kitchen,2,2122.76,2026-04-03
4072,560,Beauty,4,1017.51,2026-04-24
4073,560,Beauty,2,2004.13,2026-05-10
4074,560,Beauty,2,2777.85,2026-05-21
4075,560,Beauty,1,3677.57,2026-06-02
4076,560,Electronics,4,635.62,2026-06-09
4077,560,Sports,2,1480.93,2026-06-10
4078,560,Apparel,2,920.55,2026-06-13
4079,560,Apparel,3,3239.53,2026-06-16
4080,560,Apparel,1,3167.98,2026-06-17
4081,560,Grocery,3,2577.7,2026-06-19
4082,560,Beauty,4,2468.54,2026-06-20
4083,560,Grocery,4,3828.39,2026-06-29
4084,560,Beauty,4,2367.35,2026-07-20
4085,560,Apparel,2,2475.76,2026-07-24
4086,561,Electronics,3,3838.78,2026-04-12
4087,561,Grocery,3,1781.95,2026-05-01
4088,561,Sports,1,209.56,2026-05-10
4089,561,Home & Kitchen,2,1513.17,2026-06-03
4090,561,Sports,2,669.22,2026-06-05
4091,561,Home & Kitchen,2,2409.46,2026-06-07
4092,561,Grocery,2,3918.89,2026-06-21
4093,561,Beauty,2,2502.68,2026-06-28
4094,562,Electronics,1,288.79,2025-12-24
4095,562,Electronics,3,1586.81,2026-01-05
4096,562,Apparel,4,1683.55,2026-01-21
4097,562,Home & Kitchen,2,3465.06,2026-01-23
4098,562,Grocery,4,233.16,2026-02-01
4099,562,Grocery,2,3189.27,2026-02-13
4100,562,Grocery,2,3792.73,2026-02-21
4101,562,Apparel,1,1723.75,2026-03-08
4102,562,Electronics,3,3798.28,2026-04-05
4103,562,Beauty,3,1596.07,2026-04-10
4104,562,Sports,3,385.77,2026-07-01
4105,563,Beauty,3,2114.94,2025-03-29
4106,563,Sports,4,3185.91,2025-04-13
4107,563,Electronics,4,177.08,2025-04-15
4108,563,Beauty,1,1936.09,2025-06-14
4109,563,Apparel,3,1763.63,2025-06-18
4110,563,Beauty,2,228.19,2025-07-27
4111,563,Home & Kitchen,3,3827.28,2025-07-27
4112,563,Sports,3,1093.68,2025-08-10
4113,563,Apparel,3,1574.95,2025-11-25
4114,563,Electronics,2,365.89,2025-11-26
4115,563,Home & Kitchen,3,152.81,2025-12-09
4116,563,Grocery,4,174.89,2025-12-11
4117,563,Apparel,4,1495.81,2025-12-22
4118,563,Home & Kitchen,2,2037.32,2026-01-19
4119,563,Beauty,1,946.76,2026-01-27
4120,563,Apparel,3,3648.27,2026-02-01
4121,563,Electronics,1,1209.53,2026-02-21
4122,563,Grocery,4,2795.2,2026-03-02
4123,563,Grocery,4,1634.4,2026-03-08
4124,563,Apparel,4,2884.38,2026-03-27
4125,563,Beauty,3,1984.24,2026-03-29
4126,563,Electronics,2,1553.12,2026-04-17
4127,563,Sports,1,452.96,2026-06-12
4128,563,Beauty,2,3449.2,2026-06-24
4129,563,Home & Kitchen,2,2308.8,2026-06-27
4130,563,Home & Kitchen,4,554.53,2026-06-29
4131,563,Beauty,2,1574.48,2026-07-13
4132,563,Home & Kitchen,3,3630.79,2026-07-24
4133,564,Apparel,2,1690.1,2025-04-09
4134,564,Electronics,2,1738.98,2025-10-23
4135,564,Beauty,2,2070.77,2025-12-07
4136,564,Electronics,2,1652.1,2025-12-13
4137,564,Apparel,1,1767.99,2026-07-11
4138,565,Sports,3,1221.82,2026-01-07
4139,565,Apparel,1,2328.05,2026-01-15
4140,565,Home & Kitchen,1,1031.34,2026-01-15
4141,565,Electronics,4,2942.79,2026-01-31
4142,565,Sports,1,1872.08,2026-02-01
4143,565,Electronics,2,2994.26,2026-02-21
4144,565,Apparel,2,1024.9,2026-02-22
4145,565,Sports,4,895.05,2026-02-27
4146,565,Sports,3,1237.24,2026-03-01
4147,565,Sports,3,814.78,2026-03-14
4148,565,Apparel,4,1572.79,2026-03-17
4149,565,Sports,3,3036.99,2026-04-12
4150,565,Apparel,2,2224.84,2026-04-16
4151,565,Apparel,1,2232.86,2026-04-22
4152,565,Sports,3,3596.18,2026-05-10
4153,565,Grocery,2,739.27,2026-05-15
4154,565,Sports,2,3173.85,2026-05-28
4155,565,Home & Kitchen,1,289.36,2026-06-05
4156,565,Electronics,4,2288.68,2026-06-06
4157,565,Electronics,3,1944.15,2026-06-20
4158,565,Beauty,1,2719.15,2026-07-12
4159,565,Home & Kitchen,1,1889.49,2026-07-16
4160,565,Beauty,1,3645.88,2026-07-17
4161,566,Electronics,1,1366.98,2024-09-22
4162,566,Apparel,1,2470.11,2024-11-11
4163,566,Beauty,3,3436.95,2024-11-13
4164,566,Grocery,1,1721.96,2025-01-07
4165,566,Grocery,4,1485.64,2025-05-06
4166,566,Apparel,1,3229.62,2025-06-07
4167,566,Grocery,1,2899.37,2025-07-18
4168,566,Home & Kitchen,3,3525.89,2025-10-27
4169,566,Grocery,3,2764.83,2025-12-13
4170,567,Home & Kitchen,1,3370.58,2025-07-23
4171,567,Sports,3,2004.4,2026-06-13
4172,567,Home & Kitchen,2,478.59,2026-06-23
4173,568,Electronics,4,2887.36,2025-09-20
4174,568,Electronics,4,337.47,2025-10-13
4175,568,Beauty,3,3293.07,2025-11-14
4176,568,Beauty,2,3580.89,2025-11-25
4177,568,Home & Kitchen,4,939.19,2026-01-15
4178,568,Sports,2,3467.93,2026-05-13
4179,568,Sports,2,575.29,2026-05-19
4180,568,Home & Kitchen,1,3011.59,2026-06-25
4181,569,Beauty,2,1392.31,2026-06-17
4182,570,Sports,3,3308.13,2026-05-10
4183,571,Grocery,2,588.79,2026-04-29
4184,571,Electronics,4,696.02,2026-05-13
4185,571,Apparel,1,3182.54,2026-05-20
4186,571,Sports,4,884.79,2026-05-27
4187,571,Home & Kitchen,4,2429.91,2026-06-10
4188,571,Electronics,3,3741.08,2026-06-29
4189,571,Sports,3,1392.36,2026-06-30
4190,572,Beauty,3,2147.02,2025-07-23
4191,573,Electronics,4,1737.29,2025-03-29
4192,573,Electronics,4,3462.78,2025-06-25
4193,573,Electronics,1,298.27,2025-08-02
4194,573,Apparel,3,3946.41,2025-10-29
4195,574,Apparel,4,2574.63,2025-06-16
4196,574,Beauty,3,1923.03,2025-11-03
4197,574,Apparel,4,2731.2,2026-01-05
4198,574,Sports,3,1437.34,2026-06-29
4199,575,Grocery,3,2527.0,2026-01-25
4200,575,Sports,4,3904.87,2026-02-04
4201,575,Apparel,2,1782.65,2026-03-15
4202,575,Sports,4,2201.43,2026-04-29
4203,575,Apparel,4,3391.58,2026-06-10
4204,575,Home & Kitchen,4,1246.69,2026-06-11
4205,575,Sports,4,448.02,2026-06-23
4206,575,Sports,4,1765.8,2026-06-25
4207,576,Apparel,1,3251.74,2025-08-13
4208,576,Sports,3,1151.13,2025-08-20
4209,576,Electronics,3,1650.66,2025-08-24
4210,576,Beauty,4,1281.62,2025-09-05
4211,577,Apparel,4,2858.94,2025-08-24
4212,577,Grocery,1,309.05,2025-10-25
4213,577,Beauty,4,3893.9,2026-01-26
4214,578,Electronics,2,1124.2,2026-03-31
4215,578,Grocery,4,1854.6,2026-04-09
4216,578,Sports,1,441.19,2026-04-12
4217,578,Electronics,4,3385.77,2026-04-17
4218,578,Home & Kitchen,2,3054.67,2026-04-29
4219,578,Electronics,3,647.7,2026-07-18
4220,579,Beauty,2,1234.38,2025-11-05
4221,579,Home & Kitchen,1,2350.81,2025-11-05
4222,579,Beauty,4,3045.9,2025-11-22
4223,579,Home & Kitchen,2,3668.69,2026-01-13
4224,579,Electronics,2,1366.91,2026-01-30
4225,579,Apparel,3,3896.74,2026-02-25
4226,579,Home & Kitchen,1,517.04,2026-03-02
4227,579,Beauty,1,2742.99,2026-03-21
4228,579,Electronics,2,2224.45,2026-04-10
4229,579,Sports,4,152.96,2026-05-06
4230,579,Home & Kitchen,1,3252.51,2026-05-26
4231,579,Grocery,1,2215.34,2026-05-27
4232,579,Electronics,4,2442.79,2026-05-28
4233,579,Beauty,3,2630.61,2026-07-04
4234,579,Beauty,2,2404.42,2026-07-12
4235,580,Beauty,3,3868.34,2026-05-13
4236,581,Electronics,4,3471.12,2026-03-05
4237,581,Grocery,1,467.86,2026-06-29
4238,582,Sports,4,2571.07,2024-10-31
4239,582,Home & Kitchen,1,2945.96,2024-11-26
4240,582,Apparel,2,672.76,2024-12-19
4241,582,Home & Kitchen,2,3455.92,2025-01-25
4242,582,Apparel,3,1613.29,2025-02-18
4243,582,Beauty,4,2304.02,2025-03-06
4244,582,Grocery,2,543.02,2025-07-05
4245,582,Grocery,3,1103.91,2025-10-30
4246,582,Sports,3,1072.18,2026-01-28
4247,582,Beauty,3,376.08,2026-01-31
4248,582,Home & Kitchen,2,2558.01,2026-04-27
4249,582,Home & Kitchen,4,2957.55,2026-06-09
4250,582,Sports,2,1680.05,2026-06-22
4251,583,Electronics,2,587.48,2026-05-26
4252,583,Beauty,4,576.89,2026-05-27
4253,583,Sports,2,1573.36,2026-06-04
4254,583,Apparel,2,1367.0,2026-06-06
4255,584,Beauty,4,2122.9,2024-11-30
4256,584,Apparel,3,2897.93,2025-01-14
4257,584,Sports,4,1305.84,2025-03-31
4258,584,Home & Kitchen,2,584.91,2025-08-23
4259,584,Grocery,3,1689.34,2025-10-08
4260,584,Grocery,3,575.52,2025-10-19
4261,584,Sports,3,2521.4,2026-01-22
4262,584,Home & Kitchen,3,3980.45,2026-02-20
4263,584,Sports,3,2382.9,2026-03-15
4264,584,Home & Kitchen,1,1827.93,2026-07-01
4265,584,Beauty,1,3371.98,2026-07-10
4266,585,Apparel,2,2478.86,2024-10-20
4267,585,Electronics,3,1629.42,2024-12-10
4268,585,Grocery,3,2093.66,2025-02-03
4269,585,Grocery,1,2806.58,2025-03-03
4270,585,Home & Kitchen,4,1926.99,2025-06-04
4271,585,Sports,3,1081.12,2026-02-15
4272,585,Grocery,3,1901.92,2026-02-21
4273,585,Beauty,3,2739.72,2026-02-25
4274,586,Sports,1,1217.77,2026-03-24
4275,586,Beauty,2,1454.07,2026-04-05
4276,586,Beauty,2,575.44,2026-04-15
4277,586,Sports,4,1558.97,2026-04-18
4278,586,Sports,2,1099.48,2026-04-19
4279,586,Sports,4,1126.01,2026-05-27
4280,586,Apparel,4,1126.24,2026-06-01
4281,586,Home & Kitchen,4,2766.87,2026-06-13
4282,586,Beauty,1,1895.16,2026-06-16
4283,586,Beauty,4,1114.2,2026-06-25
4284,586,Apparel,3,2183.42,2026-06-30
4285,586,Apparel,2,2297.85,2026-07-09
4286,587,Home & Kitchen,4,268.83,2025-08-11
4287,587,Electronics,2,537.13,2025-10-07
4288,587,Sports,2,2984.01,2025-11-11
4289,587,Apparel,3,2909.08,2025-12-24
4290,587,Grocery,4,1460.22,2025-12-28
4291,587,Home & Kitchen,2,875.01,2026-01-30
4292,587,Beauty,2,2529.94,2026-04-14
4293,587,Grocery,3,2883.61,2026-06-17
4294,588,Grocery,4,255.77,2025-11-07
4295,588,Grocery,4,1829.61,2025-11-15
4296,588,Apparel,4,3187.47,2026-01-09
4297,588,Grocery,2,3809.55,2026-02-08
4298,588,Apparel,2,567.73,2026-02-11
4299,588,Apparel,1,2213.9,2026-03-05
4300,588,Electronics,4,1347.61,2026-03-09
4301,588,Apparel,4,1137.1,2026-03-18
4302,588,Apparel,4,2647.31,2026-04-13
4303,588,Apparel,3,1638.89,2026-04-18
4304,588,Apparel,3,1508.43,2026-05-06
4305,588,Home & Kitchen,3,3391.7,2026-05-25
4306,588,Apparel,4,3325.23,2026-05-28
4307,588,Apparel,2,1294.04,2026-06-10
4308,588,Beauty,3,3816.18,2026-06-16
4309,588,Grocery,3,1045.47,2026-06-28
4310,588,Electronics,4,3560.84,2026-07-20
4311,589,Beauty,2,832.49,2025-01-06
4312,589,Apparel,2,3676.16,2025-06-11
4313,589,Sports,4,3246.86,2025-06-21
4314,589,Grocery,4,1423.25,2025-09-27
4315,589,Home & Kitchen,1,711.91,2025-12-06
4316,589,Electronics,3,966.51,2026-01-05
4317,589,Apparel,3,3789.66,2026-01-06
4318,589,Beauty,2,1144.73,2026-05-08
4319,589,Electronics,2,595.1,2026-06-17
4320,589,Home & Kitchen,4,832.25,2026-06-27
4321,590,Home & Kitchen,4,3357.27,2026-01-05
4322,590,Beauty,2,824.83,2026-02-20
4323,590,Electronics,4,2976.85,2026-03-03
4324,591,Apparel,1,2015.81,2025-07-21
4325,591,Electronics,2,611.83,2025-12-26
4326,591,Grocery,1,2865.96,2026-02-16
4327,591,Home & Kitchen,3,1767.91,2026-05-12
4328,591,Apparel,1,1140.47,2026-07-01
4329,591,Sports,2,2995.11,2026-07-17
4330,592,Electronics,4,1554.55,2026-07-28
4331,593,Beauty,3,1763.67,2025-10-27
4332,594,Sports,1,1720.87,2026-06-16
4333,594,Beauty,1,1245.82,2026-06-17
4334,594,Grocery,3,2533.5,2026-06-18
4335,594,Electronics,4,1357.77,2026-06-21
4336,594,Home & Kitchen,2,2979.36,2026-06-24
4337,594,Electronics,2,1072.54,2026-06-25
4338,594,Grocery,4,1489.22,2026-06-26
4339,594,Home & Kitchen,4,1700.94,2026-06-27
4340,594,Sports,4,3341.62,2026-07-02
4341,594,Home & Kitchen,2,343.28,2026-07-03
4342,594,Apparel,3,1462.81,2026-07-03
4343,594,Electronics,2,2904.49,2026-07-04
4344,594,Grocery,2,1215.83,2026-07-06
4345,594,Grocery,4,3213.79,2026-07-09
4346,594,Beauty,4,1406.5,2026-07-10
4347,594,Grocery,4,2115.4,2026-07-11
4348,594,Electronics,2,685.41,2026-07-13
4349,594,Grocery,4,2864.92,2026-07-19
4350,594,Sports,4,509.48,2026-07-19
4351,594,Sports,1,3575.82,2026-07-21
4352,594,Beauty,2,1425.88,2026-07-22
4353,595,Home & Kitchen,2,921.33,2026-03-03
4354,595,Grocery,4,3157.85,2026-03-15
4355,595,Home & Kitchen,4,1977.89,2026-03-25
4356,595,Beauty,4,3273.22,2026-04-11
4357,595,Home & Kitchen,4,752.55,2026-04-11
4358,595,Home & Kitchen,2,2671.76,2026-04-18
4359,595,Home & Kitchen,2,3171.08,2026-05-05
4360,595,Electronics,3,3241.77,2026-05-08
4361,595,Apparel,3,1828.48,2026-07-12
4362,595,Apparel,1,1080.33,2026-07-14
4363,595,Grocery,2,3816.02,2026-07-21
4364,596,Electronics,4,1136.87,2026-04-12
4365,597,Apparel,3,3029.92,2024-09-05
4366,597,Home & Kitchen,2,456.4,2024-10-08
4367,597,Sports,3,395.24,2024-11-06
4368,597,Beauty,1,2772.62,2024-11-17
4369,597,Electronics,4,2711.44,2024-12-06
4370,597,Electronics,3,2773.23,2025-01-29
4371,597,Beauty,3,2499.51,2025-02-03
4372,597,Beauty,4,3947.31,2025-02-07
4373,597,Home & Kitchen,4,812.49,2025-03-13
4374,597,Apparel,1,2407.54,2025-04-06
4375,597,Apparel,3,3819.17,2025-04-29
4376,597,Apparel,2,867.84,2025-06-06
4377,597,Electronics,4,1006.42,2025-06-18
4378,597,Home & Kitchen,1,1272.66,2025-07-10
4379,597,Home & Kitchen,4,2793.05,2025-07-20
4380,597,Apparel,3,333.83,2025-08-06
4381,597,Beauty,4,2330.49,2025-10-15
4382,597,Home & Kitchen,4,1575.23,2025-10-28
4383,597,Apparel,2,3160.83,2025-10-30
4384,597,Home & Kitchen,3,3405.13,2025-11-10
4385,597,Beauty,4,1141.65,2025-12-10
4386,597,Home & Kitchen,4,782.35,2025-12-31
4387,597,Beauty,4,685.68,2026-02-01
4388,597,Grocery,2,1776.24,2026-02-06
4389,597,Grocery,2,3863.14,2026-02-28
4390,597,Apparel,3,3334.3,2026-03-22
4391,597,Sports,1,847.81,2026-04-05
4392,597,Beauty,3,3306.86,2026-04-05
4393,597,Grocery,3,335.68,2026-05-18
4394,597,Beauty,2,1191.07,2026-07-07
4395,597,Apparel,4,1890.01,2026-07-26
4396,598,Apparel,4,3130.05,2026-02-11
4397,599,Beauty,4,2018.82,2025-11-14
4398,600,Sports,1,339.52,2025-05-07
4399,600,Electronics,3,3832.64,2025-05-20
4400,600,Grocery,4,1567.95,2025-09-04
4401,600,Apparel,4,3416.78,2025-10-27
4402,600,Sports,3,611.97,2026-03-21
4403,600,Electronics,3,1617.72,2026-03-31
4404,600,Sports,1,755.89,2026-05-08
4405,600,Apparel,2,3590.28,2026-05-29
4406,600,Apparel,2,881.25,2026-06-02
4407,600,Sports,1,695.01,2026-06-24
4408,600,Home & Kitchen,2,3170.02,2026-07-01
4409,600,Home & Kitchen,4,2416.48,2026-07-11
